食物名,营养价值,适宜人群,禁忌人群,功效与作用
 桂皮,"蛋白质 4400 克,膳食纤维 2700 克,", 一般人群均可食用桂皮。特别是糖尿病人患者。," 【阴虚火旺、里有实热,血热妄、及孕妇】禁服桂皮。 ", 防癌抗癌 安神镇定 清肺润肺 开胃消食 降血脂 
 八角,"蛋白质 3.8 克,热量 195 千卡,脂肪 5.6 克,碳水化合物 75.4 克,膳食纤维 43 克,烟酸 0.9 毫克,胡萝卜素 40 微克,维生素A 7 微克,维生素E 1.11 毫克,钙 41 毫克,磷 64 毫克,钾 202 毫克,钠 14.7 毫克,镁 68 毫克,铁 6.3 毫克,锌 0.62 毫克,硒 3.08 毫克,铜 0.63 毫克,锰 7.42 毫克,", 一般人群均可食用，适宜痉挛疼痛者、白细胞减少症患者食用八角 , 阴火虚旺者忌食。, 养胃健胃 调理肠胃 开胃消食 驱寒 止痛镇痛 
 椒盐,"热量 221 千卡,碳水化合物 26 克,", 一般人群均可食用椒盐 ，特别是胃部不适患者。,【高血压患者、肾病患者、白内障患者、高温环境下工作的人群、孕妇、阴虚火旺者】不宜食用椒盐。, 养胃健胃 调理肠胃 排毒解毒 驱寒 止痛镇痛 
 豆豉,"蛋白质 24.1 克,热量 259 千卡,脂肪 3 克,碳水化合物 39.7 克,膳食纤维 5.9 克,烟酸 0.6 毫克,维生素E 40.69 毫克,钙 29 毫克,磷 43 毫克,钾 715 毫克,钠 263.8 毫克,镁 202 毫克,铁 3.7 毫克,锌 2.37 毫克,硒 4.55 毫克,铜 1.04 毫克,锰 3.17 毫克,", 一般人群均可食用。尤适合血栓患者。, 【肝病、肾病、消化性溃疡、动脉硬化患者】应少吃。, 健脾养脾 养肝护肝 调理肠胃 排毒解毒 明目 清热 驱寒 
 番茄酱,"蛋白质 4.9 克,碳水化合物 16.9 克,膳食纤维 2.1 克,烟酸 5.6 毫克,维生素E 4.45 毫克,水 75.8 克,钙 28 毫克,磷 117 毫克,钾 989 毫克,钠 37.1 毫克,镁 37 毫克,铁 1.1 毫克,锌 0.7 毫克,", 一般人群均可食用番茄酱。动脉硬化、高血压、冠心病、肾炎患者食用，体质寒凉、血压低，冬季手脚易冰冷者，食用番茄酱胜过新鲜番茄。, 【肠炎】患者忌食。, 防癌抗癌 开胃消食 降血压 抗衰老 
 腐乳,"热量 130 千卡,磷 74 毫克,钾 84 毫克,钠 2460 毫克,锌 0.69 毫克,硒 1.51 毫克,锰 0.69 毫克,", 一般人均可食用腐乳。特别是老年痴呆患者。, 【高血压、心血管病、痛风、肾病患者、消化道溃疡】患者不宜食用腐乳。, 健脾养脾 养胃健胃 开胃消食 
 蚝油,"蛋白质 880 克,热量 118 千卡,脂肪 50 克,碳水化合物 7890 克,铁 3.5 毫克,", 一般人群均可食用。尤其适合缺锌者及生长发育期的儿童。, 无禁忌，均可食用。, 防癌抗癌 有助发育 
 胡椒粉,"蛋白质 9.6 克,脂肪 2.2 克,碳水化合物 76.9 克,膳食纤维 2.3 克,烟酸 1.8 毫克,胡萝卜素 60 微克,维生素A 10 微克,钙 2 毫克,磷 172 毫克,钾 154 毫克,钠 4.9 毫克,镁 128 毫克,铁 9.1 毫克,锌 1.23 毫克,硒 7.64 毫克,锰 0.79 毫克,", 一般人群均可食用。尤适宜食欲不振、感冒、胃寒、呕吐患者。, 【糖尿病、咳嗽、吐血、高血压、胃溃疡者，发炎、阴虚有火者】忌食；久服易致眼疾。, 养胃健胃 补气益气 调理肠胃 增强记忆力 安神镇定 开胃消食 止泻 
 花生酱,"蛋白质 6.9 克,热量 594 千卡,脂肪 53 克,碳水化合物 22.3 克,膳食纤维 3 克,烟酸 2 毫克,胡萝卜素 14.3 微克,维生素E 2.09 毫克,钙 67 毫克,磷 90 毫克,钾 99 毫克,钠 2340 毫克,镁 21 毫克,铁 7.2 毫克,锌 2.96 毫克,硒 1.54 毫克,", 一般人群均可食用花生酱。特别是贫血患者。, 【脾弱便溏者、高脂血症患者、跌打瘀肿者、胆囊切除】者不宜吃花生酱。, 健脾养脾 养胃健胃 补气益气 调理肠胃 排毒解毒 开胃消食 止泻 
 鸡精,"蛋白质 32.5 克,热量 195 千卡,脂肪 195 克,碳水化合物 715 克,维生素A 10.7 微克,维生素C 0.7 毫克,", 一般成年人均可食用鸡精。, 鸡精不适宜记忆障碍患者、高血压者；孕妇及婴幼儿不宜吃鸡精；老人和儿童也不宜多食鸡精。, 调理肠胃 开胃消食 
 酱油,"蛋白质 5.6 克,碳水化合物 10.1 克,烟酸 1.7 毫克,钙 66 毫克,磷 204 毫克,钾 337 毫克,钠 5757 毫克,镁 156 毫克,铁 8.6 毫克,锌 1.17 毫克,硒 1.39 毫克,锰 1.11 毫克,", 一般人群均可食用。特别是胆固醇较高的患者。,【心血管疾病]患者忌食。, 防癌抗癌 开胃消食 降血脂 
 芥末,"热量 490 千卡,", 一般人群均可食用。尤适宜高血脂患者、高血压患者、心脏病患者、食欲不振者。, 【胃炎、消化道溃疡、眼睛有炎症者、孕妇】忌食。, 补血养血 调理肠胃 提高免疫力力 防癌抗癌 滋阴补阴 排毒解毒 开胃消食 养颜 抗衰老 
 咖喱,"蛋白质 13 克,脂肪 12.2 克,碳水化合物 63.3 克,膳食纤维 36.9 克,烟酸 7 毫克,胡萝卜素 690 微克,维生素A 110 微克,维生素C 2 毫克,钙 540 毫克,磷 400 毫克,钾 1700 毫克,钠 40 毫克,镁 220 毫克,铁 28.5 毫克,锌 2.9 毫克,铜 0.8 毫克,", 一般人群均可食用。特别是不爱出汗的人群。, 【胃炎、溃疡病、患病服药】期间不宜食用。, 增进食欲 抗癌 促进血液循环 
 辣椒油,"热量 900 千卡,脂肪 100 克,维生素A 38 微克,维生素E 87.24 毫克,", 一般人都可食用辣椒油。特别是怕冷患者。, 辣椒油是大辛大热之品，患有【火热病症、阴虚火旺、高血压病、肺结核病、目疾、食管炎、胃肠炎、胃溃疡】以及痔疮等患者的人应慎食。 , 提高免疫力力 防癌抗癌 治疗便秘 祛湿 排毒解毒 开胃消食 驱寒 提高代谢 燃烧脂肪 
 辣椒粉,"蛋白质 15.2 克,热量 203 千卡,脂肪 9.5 克,碳水化合物 14.2 克,膳食纤维 43.5 克,烟酸 7.6 毫克,胡萝卜素 8.2 微克,维生素A 3123 微克,维生素E 15.33 毫克,钙 146 毫克,磷 374 毫克,钾 1358 毫克,钠 100 毫克,镁 223 毫克,铁 20.7 毫克,锌 1.52 毫克,硒 8 毫克,铜 0.95 毫克,锰 1.46 毫克,", 一般人群均可食用辣椒粉，特别是消化不良患者。, 【目疾、食管炎、胃肠炎、胃溃疡、痔疮、火热病症、阴虚火旺、高血压病、肺结核病】的人应尽量少食辣椒粉。, 防癌抗癌 祛湿 开胃消食 驱寒 止痛镇痛 提高代谢 减肥 
 辣椒酱,"蛋白质 0.8 克,热量 31 千卡,脂肪 2.8 克,碳水化合物 0.6 克,膳食纤维 2.6 克,烟酸 1.1 毫克,胡萝卜素 22 微克,维生素A 132 微克,维生素E 2.87 毫克,钙 117 毫克,磷 30 毫克,钾 222 毫克,钠 8027.6 毫克,镁 91 毫克,铁 3.8 毫克,硒 0.52 毫克,", 一般人群均可食用辣椒酱，特别是患有消化不良、寒性胃痛、风湿痛、腰肌痛等病症的人群。 , 【目疾、食管炎、胃肠炎、胃溃疡、痔疮等患者、火热病症、阴虚火旺、高血压病、肺结核病】的人也应慎食辣椒酱, 养胃健胃 提高免疫力力 防癌抗癌 祛湿 驱寒 减肥 
 米醋,"热量 18 千卡,磷 4 毫克,钾 2 毫克,", 一般人群均可食用米醋，能起到一定的减肥作用。, 正在【服用某些西药、胃溃疡、胃酸过多、骨折治疗】康复綦江应避免吃米醋。, 调理肠胃 提高免疫力力 排毒解毒 开胃消食 降血压 燃烧脂肪 减肥 
 泡菜,"蛋白质 1.3 克,热量 23 千卡,碳水化合物 4.6 克,膳食纤维 1.25 克,", 一般人群适宜食用泡菜。【胃部不适】患者更易食用。," 无太大禁忌,均可食用。", 调理肠胃 排毒解毒 
 泡椒,"蛋白质 1300 克,脂肪 8200 克,碳水化合物 5500 克,膳食纤维 1700 克,", 一般人群均可食用泡椒。特别是【肠胃不适】患者。," 患【食管炎、胃肠炎、胃溃疡、痔疮】等病者忌食泡椒,【火热病症、阴虚火旺、肺结核】患者也应慎食泡椒。", 健脾养脾 养胃健胃 补气益气 提高免疫力力 增强记忆力 
 苹果醋,"热量 29.2 千卡,碳水化合物 7 克,"," 一般人士均可饮用苹果醋,【减肥】人士更为适宜饮用苹果醋。", 有【溃疡结石】患者不宜饮用苹果醋。, 养颜 抗衰老 
 肉桂粉,"蛋白质 12000 克,热量 200 千卡,脂肪 3000 克,碳水化合物 72000 克,膳食纤维 40000 克,", 适宜平素【畏寒怕冷、手脚冰凉、胃寒冷痛、食欲不振、呕吐清水、腹部隐痛喜暖、肠鸣泄泻】者食用。," 【阴虚火旺、里有实热,血热妄行、孕妇】禁服肉桂粉。,", 调理肠胃 提高免疫力力 降血糖 燃烧脂肪 养颜 
 味噌,"蛋白质 12090 克,热量 32 千卡,脂肪 6050 克,碳水化合物 20930 克,钙 20 毫克,钠 98 毫克,镁 13 毫克,锌 2 毫克,", 一般人群均可食用味噌。特别是【胆固醇过低】人群。," 无太大禁忌,一般人均可食用。", 健脾养脾 养胃健胃 补气益气 调理肠胃 提高免疫力力 
 味精,"蛋白质 40.1 克,碳水化合物 26.5 克,维生素C 26.5 毫克,钙 100 毫克,磷 4 毫克,钾 4 毫克,钠 8160 毫克,镁 7 毫克,铁 1.2 毫克,硒 0.98 毫克,锰 0.67 毫克,", 一般成年人均可食用味精。特别是【食欲不振】患者。, 【记忆障碍患者、高血压、孕妇、婴幼儿、老人、儿童】也不宜多食味精。, 养胃健胃 开胃消食 
 五香粉,"蛋白质 1 克,热量 348 千卡,脂肪 8 克,碳水化合物 68 克,膳食纤维 5.3 克,烟酸 1.5 毫克,胡萝卜素 5.3 微克,维生素E 9.59 毫克,钙 181 毫克,磷 66 毫克,钾 1138 毫克,钠 27.2 毫克,镁 88 毫克,铁 34.4 毫克,锌 2.79 毫克,硒 5.73 毫克,铜 1.25 毫克,"," 一般人群均可食用五香粉,特不是【记忆力低下】人群。", 【孕期】不宜食用五香粉。, 健脾养脾 补血养血 补气益气 调理肠胃 增强记忆力 滋阴补阴 治疗便秘 开胃消食 养颜 抗衰老 
 香叶,," 一般人群均可食用香叶,特别是【食欲不振】人群。"," 【气虚,阳虚体质,阴虚体质】尽量少食香叶。", 养胃健胃 养肝护肝 调理肠胃 开胃消食 驱寒 止痛镇痛 提高代谢 
 盐,"胡萝卜素 99.8 微克,钙 49 毫克,磷 11 毫克,钾 30 毫克,钠 39000 毫克,镁 248 毫克,铁 2.6 毫克,硒 3.62 毫克,", 一般人群均可食用盐。特别是【便秘】患者人群。," 【高血压患者、肾病患者、白内障患者、儿童】不宜多食盐,【水肿】者忌食。", 养胃健胃 补气益气 增强记忆力 治疗便秘 排毒解毒 止痛镇痛 
 鱼露,"蛋白质 11.3 克,热量 47 千卡,"," 一般人群均可食用鱼露,特别是【胃部不适】患者。"," 【痛风、心脏疾病、肾脏病、急慢性肝炎】患者不宜食用鱼露。,", 健脾养脾 补血养血 补气益气 调理肠胃 增强记忆力 滋阴补阴 治疗便秘 开胃消食 养颜 抗衰老 
 芝麻酱,"蛋白质 19.2 克,热量 618 千卡,脂肪 52.7 克,碳水化合物 16.8 克,膳食纤维 5.9 克,烟酸 5.8 毫克,胡萝卜素 5.1 微克,维生素A 17 微克,维生素E 35.09 毫克,钙 1170 毫克,磷 626 毫克,钾 342 毫克,钠 38.5 毫克,镁 238 毫克,铁 50.3 毫克,锌 4.01 毫克,硒 4.86 毫克,铜 0.97 毫克,锰 1.64 毫克,"," 一般人群均可食用,芝麻酱尤其适合【骨质疏松、缺铁性贫血、便秘】患者食用。", 【重度肥胖】者不宜食用芝麻酱。, 健脾养脾 补血养血 补气益气 调理肠胃 增强记忆力 滋阴补阴 治疗便秘 开胃消食 养颜 抗衰老 
 孜然,"脂肪 16.31 克,钙 11 毫克,镁 4.3 毫克,", 一般人群均可食用。特别是【消化不良】患者。, 【便秘、痔疮患、阴虚火旺】者慎食。, 健脾养脾 养胃健胃 增强记忆力 防癌抗癌 开胃消食 
 花椒,"蛋白质 6.7 克,脂肪 8.9 克,碳水化合物 66.5 克,膳食纤维 28.7 克,烟酸 1.6 毫克,胡萝卜素 140 微克,维生素A 23 微克,维生素E 2.47 毫克,水 11 克,钙 639 毫克,磷 69 毫克,钾 204 毫克,钠 47.4 毫克,镁 111 毫克,铁 8.4 毫克,锌 1.9 毫克,硒 1.96 毫克,铜 1.02 毫克,锰 3.33 毫克,"," 一般人群均可食用。适宜【风湿性关节炎、腹痛,食欲不振】者。"," 【孕妇,阴火虚旺】者忌食。", 养胃健胃 提高免疫力力 明目 抗衰老 养发 
 生姜,"热量 42 千卡,脂肪 600 克,烟酸 0.8 毫克,"," 一般人群均可食用。尤适宜【伤风感冒,寒性痛经,晕车晕船】者。", 【久服积热、损阴伤目、阴虚、内有实热、患痔疮】者忌食；【高血压】病人慎食。, 补气益气 清肺润肺 排毒解毒 祛风 驱寒 
 醋,"蛋白质 2.1 克,脂肪 0.6 克,碳水化合物 4.9 克,烟酸 1.4 毫克,水 99.4 克,钙 26 毫克,磷 96 毫克,钾 351 毫克,钠 262.1 毫克,镁 13 毫克,铁 6 毫克,锌 1.25 毫克,硒 2.43 毫克,锰 2.97 毫克,"," 一般人群均可食用醋。【肠道疾病,有感冒、呼吸疾病】患者更易食用。"," 【脾胃湿盛、外感初起、胃溃疡、胃酸过多、服用磺胺类药,服用碱性药,服用抗生素,解表发汗】的中药的人不宜食醋。", 开胃消食 降血压 提高代谢 美白 抗衰老 
 大蒜,"蛋白质 4.4 克,碳水化合物 23.6 克,水 69.8 克,钙 5 毫克,磷 44 毫克,", 一般人都可食用。尤适宜【肺结核、癌症、高血压、动脉硬化】患者。," 【阴虚火旺、目赤口干、胃溃疡、十二指肠溃疡、肝病,眼病】患者,正在【服药】的人忌食。", 提高免疫力力 防癌抗癌 降血脂 杀菌 排毒清肠 降低血糖 防感冒 
 酒酿,"蛋白质 2.52 克,热量 120 千卡,脂肪 0.24 克,碳水化合物 26.28 克,钙 16 毫克,磷 9 毫克,镁 6 毫克,", 一般人群均可食用。尤适宜【中老年人、孕产妇、身体虚弱】者。, 【痔疮】患者不宜食用。, 健脾养脾 养胃健胃 补阳壮阳 补血养血 调理肠胃 提高免疫力力 滋阴补阴 清肺润肺 消暑解暑 开胃消食 
 胡椒,"蛋白质 9.6 克,热量 357 千卡,脂肪 2.2 克,碳水化合物 74.6 克,膳食纤维 2.3 克,烟酸 1.8 毫克,胡萝卜素 1.1 微克,维生素A 10 微克,钙 2 毫克,磷 172 毫克,钾 154 毫克,钠 4.9 毫克,镁 128 毫克,铁 9.1 毫克,锌 1.23 毫克,硒 7.64 毫克,锰 0.79 毫克,", 一般人群均可食用。尤适宜【食欲不振、感冒、胃寒、呕吐】患者。, 【糖尿病、咳嗽、吐血、高血压、胃溃疡】患者忌食；【阴虚有火】者忌服。, 补阳壮阳 补血养血 调理肠胃 提高免疫力力 增强记忆力 滋阴补阴 排毒解毒 开胃消食 驱寒 抗衰老 
 绿茶,"蛋白质 34.2 克,脂肪 2.3 克,碳水化合物 34.7 克,膳食纤维 15.6 克,烟酸 8 毫克,维生素A 967 微克,维生素C 19 毫克,维生素E 9.57 毫克,钙 325 毫克,磷 191 毫克,钾 1661 毫克,钠 28.2 毫克,镁 196 毫克,铁 14.4 毫克,锌 4.34 毫克,硒 3.18 毫克,铜 1.74 毫克,锰 32.6 毫克,"," 一般人均可饮用。尤适宜【高血压、高血脂、冠心病、动脉硬化、糖尿病、食用油腻过多、醉酒】者；【长期吸烟、饮酒过量】,【发热口渴、头痛目昏、小便不利、食用奶类过多】者。", 【发烧、肝脏病人、尿结石患者、孕妇、哺乳期、经期女性】忌食；【老年人】忌饮生茶。, 抗癌 防辐射 抗菌 美容护肤 醒脑提神 利尿解乏 解疲劳 护齿明目 降脂助消化 
 鸭蛋,"蛋白质 12.6 克,脂肪 13 克,碳水化合物 3.1 克,维生素A 261 微克,维生素E 4.98 毫克,胆固醇 565 毫克,钙 62 毫克,磷 226 毫克,钾 135 毫克,钠 106 毫克,镁 13 毫克,铁 2.9 毫克,锌 1.67 毫克,碘 5 毫克,硒 15.68 毫克,"," 一般人群均可食用。适宜【肺热咳嗽,咽喉痛,泄痢】之人食用。"," 凡【脾阳不足,寒湿下痢,食后气滞痞闷者、生病期间、癌症患者、高血压病、高脂血症、动脉硬化、肾炎病人】忌食皮蛋。", 清肺火 降阴火 强健身体 促进食欲 
 蜂蜜,"脂肪 1.9 克,碳水化合物 75.6 克,维生素C 3 毫克,水 22 克,钙 4 毫克,磷 3 毫克,钾 28 毫克,镁 2 毫克,铁 1 毫克,"," 一般人群均可食用,【脂肪肝】患者更易食用。", 【糖尿病人、婴儿】忌食。, 养胃健胃 调理肠胃 滋阴补阴 治疗便秘 排毒解毒 祛斑 养颜 抗衰老 
 牛奶,"蛋白质 3 克,脂肪 3.2 克,碳水化合物 3.4 克,维生素A 24 微克,维生素C 1 毫克,胆固醇 15 毫克,钙 104 毫克,磷 73 毫克,钾 109 毫克,钠 37.2 毫克,镁 11 毫克,硒 1.94 毫克,"," 一般人群均可食用。尤适宜【体质虚弱,气血不足,营养不良,便秘】之人；【高胆固醇血症、动脉硬化、冠心病、脂肪肝、癌症】患者,尤其是【消化道癌症】病人；【皮肤干燥】之人。", 【胃肠道手术后的病人、腹泻、肠道疾病】患者慎食。, 促消化 保护肠胃 防癌抗癌 防便秘 美容 提高免疫力力 
 鹌鹑蛋,"蛋白质 12.8 克,脂肪 11.1 克,碳水化合物 2.1 克,维生素A 337 微克,维生素E 3.08 毫克,胆固醇 515 毫克,钙 47 毫克,磷 180 毫克,钾 138 毫克,钠 106.6 毫克,镁 11 毫克,铁 3.2 毫克,锌 1.61 毫克,碘 37.6 毫克,硒 25.48 毫克,"," 一般人群均可食用。1.适宜【婴幼儿、孕产妇、老人、病人、体质虚弱、肺气虚弱】所致的【支气管哮喘、肺结核、神经衰弱、胃气不足】的【胃病】患者宜食,尤为适合【心血管病】患者。", 【脑血管病】人不宜多食。, 治疾病 健脑 防过敏 缓解失眠 
 酸奶,"蛋白质 2.5 克,脂肪 2.7 克,碳水化合物 9.3 克,维生素A 26 微克,维生素C 1 毫克,胆固醇 15 毫克,钙 118 毫克,磷 85 毫克,钾 150 毫克,钠 39.8 毫克,镁 12 毫克,锌 0.53 毫克,硒 1.71 毫克,"," 一般人群均可食用。尤适宜【体质虚弱,气血不足,营养不良,肠燥便秘】之人；【高胆固醇血症,动脉硬化,冠心病,脂肪肝】患者；【癌症】患者,尤其是【消化道癌症】病人；【皮肤干燥】之人。"," 【胃肠道手术后】的病人,【腹泻,肠道疾病】患者慎食。", 促消化 保护肠胃 防癌抗癌 防便秘 美容 提高免疫力 
 鸡蛋,"蛋白质 13.3 克,热量 144 千卡,脂肪 8.8 克,碳水化合物 2.8 克,维生素A 234 微克,维生素E 1.84 毫克,胆固醇 585 毫克,钙 56 毫克,磷 130 毫克,钾 154 毫克,钠 131.5 毫克,镁 10 毫克,铁 2 毫克,锌 1.1 毫克,硒 14.34 毫克,", 一般人群均可食用。尤适宜【发育期婴幼儿】。, 【高热、腹泻、肝炎、肾炎、胆囊炎、冠心病】患者忌食。, 健脑益智 保护肝脏 防治动脉硬化 防癌症 延缓衰老 美容护肤 
 蛋黄,"蛋白质 13.3 克,热量 144 千卡,脂肪 8.8 克,碳水化合物 2.8 克,胆固醇 585 毫克,钙 56 毫克,磷 130 毫克,钾 154 毫克,钠 131.5 毫克,铁 2 毫克,锌 1.1 毫克,硒 14.34 毫克,", 一般人群均可食用。尤适宜【发育期婴幼儿】。, 【高热、腹泻、肝炎、肾炎、胆囊炎、冠心病】患者忌食。, 补水 保护视力 治疗痛经 
 银杏,"蛋白质 13.2 克,热量 355 千卡,脂肪 1.3 克,碳水化合物 72.6 克,胡萝卜素 3 微克,维生素C 24.7 毫克,钙 54 毫克,磷 23 毫克,钾 17 毫克,钠 17.5 毫克,锌 0.69 毫克,硒 14.5 毫克,锰 2.03 毫克,", 【肺虚咳喘、冠心病、心绞痛、高血脂】易食用。, 【孕妇、儿童】慎食；有【实邪】者忌用。, 活血化瘀 止痛 
 川贝,"蛋白质 1.02 克,热量 20 千卡,维生素C 53.2 毫克,钾 154.2 毫克,钠 145.3 毫克,", 一般人均可食用川贝。特别是【咳嗽】患者。, 【健康人群】不宜过多食用。 , 清肺润肺 降血脂 降血压 清热 止咳 
 罗汉果,"蛋白质 13.4 克,脂肪 0.8 克,碳水化合物 65.6 克,膳食纤维 38.6 克,烟酸 9.7 毫克,维生素C 5 毫克,钙 40 毫克,磷 180 毫克,钾 134 毫克,钠 10.6 毫克,镁 12 毫克,铁 2.6 毫克,锌 0.94 毫克,硒 2.25 毫克,锰 1.55 毫克,"," 一般人群均可食用。尤适宜【失音、扁桃体发炎、咽喉炎】患者。,", 【外感、肺寒咳嗽】慎服。, 清肺润肺 治疗便秘 清热 止咳 
 锁阳,"蛋白质 28.34 克,脂肪 9.91 克,", 适宜【免疫力低下、易感染疾病】者；【中青年】操劳事业而【健康透支者】；【尿频便秘、失眠脱发、哮喘、阳痿、早泄】等多种慢性疾病患者。, 【阴虚火旺、阳事易举、脾虚泄泻、实热便秘】者禁服。, 养肾补肾 补阳壮阳 治疗便秘 
 车前子,"蛋白质 4 克,脂肪 1 克,碳水化合物 13.7 克,膳食纤维 3.3 克,胡萝卜素 5850 微克,维生素A 975 微克,维生素C 23 毫克,钙 309 毫克,磷 175 毫克,铁 25.3 毫克,", 一般人群均可食用车前子。特别是【痰热咳嗽】患者更易食用。," 凡【内伤劳倦,阳气下陷、肾虚精滑、内无湿热者】慎服车前子。", 清肺润肺 止咳 止痛镇痛 提高代谢 
 牛膝,"蛋白质 11.7 克,热量 83.44 千卡,脂肪 3.26 克,碳水化合物 1.88 克,", 一般人群均可食用牛膝。特别是【产妇】。, 【中气下陷、脾虚泄泻、下元不固、遗精、月经过多、孕妇】均忌服。, 养肝护肝 养肾补肾 补血养血 补气益气 调理肠胃 增强记忆力 滋阴补阴 开胃消食 消除水肿 提高代谢 抗衰老 
 菟丝子,"蛋白质 22.8 克,脂肪 3.2 克,碳水化合物 57.5 克,膳食纤维 28.1 克,", 适宜【阳痿、遗精、尿不尽、尿频、腰膝酸软、目昏耳鸣、肾虚胎漏、胎动不安、脾肾虚泻】者。, 【阳虚火旺、阳强不痿、大便燥结】者禁服。, 养肝护肝 养肾补肾 补血养血 增强记忆力 开胃消食 明目 抗衰老 
 五味子,"蛋白质 3.9 克,碳水化合物 15.3 克,膳食纤维 2.3 克,烟酸 1.5 毫克,胡萝卜素 5080 微克,维生素A 847 微克,维生素C 23 毫克,钙 363 毫克,磷 22 毫克,铁 6.6 毫克,", 适宜【盗汗、心悸、多梦、失眠、久咳虚喘、遗精、滑精】者。," 无太大禁忌,一般人均可食用。", 益气生津 补肾养心 收敛固涩 抗衰老 
 巴戟天,"蛋白质 6.1 克,脂肪 1.4 克,碳水化合物 23.6 克,膳食纤维 10.5 克,维生素C 270 毫克,", 一般人均可食用巴戟天。【风湿】患者更易食用。, 凡【火旺泄精、阴虚水乏、小便不利、口舌干燥】者皆禁用巴戟天。凡病【相火炽盛、便赤、口苦、目赤目痛、烦躁口渴、大便燥结】忌巴戟天。, 养肾补肾 补阳壮阳 祛湿 祛风 
 肉苁蓉,"蛋白质 9.83 克,热量 98.59 千卡,脂肪 6.16 克,碳水化合物 1.28 克,", 适宜【性功能衰退】的男子；【月经不调、不孕、四肢不温、腰膝酸痛】的女性；【身体虚弱老年人、高血压患、便秘】者。, 【阴虚火旺、大便泄泻】者忌服。, 养肾补肾 补阳壮阳 治疗便秘 
 鹿茸,"蛋白质 18 克,脂肪 16.67 克,碳水化合物 6.7 克,膳食纤维 100 克,", 适宜【身体虚弱、易疲劳、腰脊冷痛、性功能减退】者。," 凡【阴虚阳亢、血分有热、胃火盛、肺有痰热、外感热病】未愈者,均应忌服。", 补阳壮阳 提高免疫力力 
 海马,"蛋白质 1.2 克,碳水化合物 2.1 克,钙 46 毫克,钠 8.6 毫克,铁 0.9 毫克,", 一般人群均可食用海马。特别是对于神经衰弱人群。, 【孕妇】需要忌食。【阴虚火旺、性功能亢奋】的人不宜食用海马。, 增强记忆力 抗衰老 
 杜仲,"脂肪 9 克,碳水化合物 65 克,维生素C 20.7 毫克,"," 适宜【中老年人,肾气不足,腰膝疼痛,腿脚无力,尿不尽】者；【妇女身体虚弱、肾气不固、胎动不安、习惯性流产、保胎】时；【小儿麻痹】后遗症,【小儿】行走过迟,两【下肢无力】者；【高血压】患者。", 【阴虚火旺】者慎服。, 补阳壮阳 养肾补肾 补气益气 调理肠胃 增强记忆力 滋阴补阴 开胃消食 抗衰老 减肥 
 牛鞭,"蛋白质 27.2 克,热量 117 千卡,脂肪 0.9 克,钙 10 毫克,磷 18 毫克,钾 4 毫克,钠 32 毫克,镁 9 毫克,铁 3 毫克,锌 1.05 毫克,硒 2.03 毫克,", 【失眠、肾虚、阳痿、遗精、腰膝酸软】者食用。, 【内有火热】者不宜食用；【儿童未发育、更年期男士、老龄男士】慎食。, 养肾补肾 补阳壮阳 提高免疫力力 增强记忆力 滋阴补阴 开胃消食 
 甘草,"蛋白质 4.9 克,脂肪 4.2 克,碳水化合物 75 克,膳食纤维 38.7 克,烟酸 1 毫克,维生素C 1 毫克,维生素E 2.32 毫克,钙 832 毫克,磷 38 毫克,钾 28 毫克,钠 154.7 毫克,镁 337 毫克,铁 21.2 毫克,锌 5.88 毫克,硒 4.72 毫克,铜 1.14 毫克,锰 1.51 毫克,", 适宜【胃溃疡、十二指肠溃疡、神经衰弱、支气管哮喘、血栓静脉炎】患者。, 【湿阻中满、呕恶、水肿胀满】者忌食。, 补气益气 清肺润肺 排毒解毒 清热 止咳 止痛镇痛 
 款冬花,"蛋白质 7.78 克,热量 407.2 千卡,脂肪 0.98 克,碳水化合物 91.92 克,膳食纤维 0.6 克,维生素C 0.6 毫克,维生素E 1.01 毫克,钙 11.8 毫克,磷 121.6 毫克,钾 102.6 毫克,钠 2.46 毫克,镁 34.4 毫克,铁 1.4 毫克,锌 1.52 毫克,硒 2.53 毫克,锰 34.01 毫克,"," 一般人均可食用,特别是【哮喘】病患者。"," 【阴虚劳嗽】禁用；【肺火播灼,肺气焦满】者不可用。", 润肺下气 化痰止嗽 治咳逆喘息 喉痹 
 黄柏,"蛋白质 0.7 克,热量 57 千卡,脂肪 0.6 克,碳水化合物 12.2 克,膳食纤维 0.8 克,水 84.8 克,钙 41 毫克,磷 43 毫克,铁 0.9 毫克,"," 一般人均可食用,【脾胃虚寒】者更易食用。"," 黄柏苦寒伤胃,【脾胃虚寒、脾虚泄泻、消化功能不佳】者忌服黄柏。,", 清热燥湿 泻火解毒 退热除蒸 
 薄荷,"蛋白质 6.8 克,热量 208 千卡,脂肪 3.9 克,碳水化合物 36.5 克,膳食纤维 31.1 克,胡萝卜素 12.1 微克,维生素E 4.69 毫克,磷 22 毫克,钾 135 毫克,钠 17.5 毫克,铁 4.3 毫克,锌 1.64 毫克,铜 2.08 毫克,锰 5.15 毫克,"," 一般人群均可食用。尤适宜【外感风热,头痛目赤,咽喉肿痛】者宜食；【口疮口臭,牙龈肿痛、风热瘙痒】者。"," 【阴虚血燥、汗多表虚】者忌食；【脾胃虚寒,腹泻便溏】者切忌多食久食。", 补血养血 调理肠胃 增强记忆力 开胃消食 养颜 抗衰老 减肥 
 白芷,"蛋白质 8.9 克,脂肪 1.5 克,碳水化合物 74.1 克,膳食纤维 5.3 克,烟酸 1 毫克,维生素B2 0.54 毫克,维生素C 1 毫克,维生素E 1.93 毫克,钙 3 毫克,磷 118 毫克,钾 100 毫克,钠 27.4 毫克,镁 19 毫克,铁 4.4 毫克,锌 0.8 毫克,硒 3.4 毫克,铜 0.63 毫克,锰 0.73 毫克,", 一般人群均可食用白芷。【高血压】痛患者更易食用。," 【气虚血热、阴虚阳亢】者禁服白芷。,", 降血压 养颜 
 白术,"蛋白质 10 克,热量 70 千卡,", 【脾胃气虚、不思饮食、倦怠无力、慢性腹泻、消化功能不佳】者宜食；【自汗易汗、老小虚汗、小儿流涎】者。, 【阴虚内热、津液亏耗】者慎服；【胃胀腹胀、气滞饱闷】者。, 健脾养脾 补气益气 祛湿 消除水肿 
 防风,, 一般人群均可食用防风。特别是对于【阴虚】患者来说。, 【湿热】体质的人不适宜食用防风。【血虚痉急、头痛】不因风邪者忌服防风。, 补血养血 补气益气 调理肠胃 增强记忆力 滋阴补阴 祛湿 排毒解毒 开胃消食 止痛镇痛 养颜 抗衰老 
 栀子,"热量 23 千卡,", 一般人群均可食用栀子花。特别是【胃部不适】的患者。," 【过敏、身体虚弱】的人不能服用栀子花。栀子花苦寒,【脾虚泄泻,肾阳不足】者慎食栀子花。", 健脾养脾 养胃健胃 养肾补肾 补气益气 调理肠胃 提高免疫力力 
 莲心,"蛋白质 81.3 克,脂肪 9.8 克,钙 436 毫克,磷 1.397 毫克,铁 31.4 毫克,"," 一般人均可食用,特别是常常【失眠】的人群。", 一般人群均可食用。, 清心去热 治便秘 养心健脑 降压 
 黄连,"热量 116.92 千卡,碳水化合物 65 克,", 用于【湿热内蕴、肠胃湿热、呕吐、泻痢】等症病人。," 本品大苦大寒,过服久服易伤脾胃,【脾胃虚寒】者忌用。【胃虚呕恶、脾虚泄泻、五更肾泻】均应慎服。【苦燥伤津、阴虚津伤】者慎用。", 抗菌 抗病毒 解毒 抗炎 解热 
 黄芩,"蛋白质 9.51 克,热量 74.37 千卡,脂肪 2.82 克,碳水化合物 2.98 克,"," 一般人均易食用,特别是【孕妇】。"," 【脾肺虚热】者忌之。凡【中寒作泄、中寒腹痛、肝肾虚少腹痛,血虚腹痛,脾虚泄泻,肾虚溏泻,脾虚水肿,血枯经闭,气虚小水不利,肺受寒邪喘咳、血虚胎不安、阴虚淋露】禁用。", 清热燥湿 泻火解毒 安胎 止血 
 金银花,"蛋白质 23.1 克,脂肪 1.2 克,碳水化合物 62.1 克,膳食纤维 17.7 克,维生素A 100 微克,", 一般人群均可食用金银花。特别是【脾胃虚弱】的人群。, 【脾胃虚寒】者(如经常【肚子疼、腹泻、腹部发凉、手脚发凉】)不宜食用金银花。, 健脾养脾 养胃健胃 补气益气 安神镇定 清肺润肺 消暑解暑 
 白茅根,"热量 25 千卡,碳水化合物 6.2 克,"," 一般人均可食用白茅根。白茅根适宜【急性肾炎,急性肾盂炎,膀胱炎,尿道炎、泌尿系感染者、咯血、鼻出血、小便出血】者食用；【高血压】病人也宜食用；【急性发热】性病人【烦热口渴】者宜食；急性传染性【黄疸肝炎】者宜食；【小儿麻疹】者宜食白茅根。,"," 【脾胃虚寒、溲多不渴】者忌服白茅根。,", 凉血止血 清热生津 利尿通淋 
 泽泻,"蛋白质 4.3 克,热量 23.1 千卡,"," 一般人均可食用,【水肿胀满、遗精】患者更易食用。", 【肾虚、精滑、无湿热者】禁服。 , 利水渗湿 泄热通淋 
 茯苓,"蛋白质 1.2 克,热量 16 千卡,碳水化合物 82.6 克,膳食纤维 80.9 克,钙 2 毫克,磷 32 毫克,钾 58 毫克,钠 1 毫克,镁 8 毫克,铁 9.4 毫克,硒 4.55 毫克,锰 1.39 毫克,"," 一般人群均可食用。,用于【脾胃虚弱、食欲不振、大便溏泄、心神不宁、心悸失眠、健忘、脾虚水肿、小便不利、早衰白发】。", 【虚寒精滑、气虚下陷】者忌服。, 健脾养脾 安神镇定 祛湿 
 月季花,"热量 13.5 千卡,碳水化合物 17 克,"," 一般人群均可食用,【痛经】患者更易食用。", 不宜久服；【脾胃虚寒、孕妇】慎用。, 活血调经 解毒消肿 
 赤芍,"热量 16.8 千卡,钙 20 毫克,钠 15 毫克,"," 一般人均可食用,【气血瘀滞】患者更易食用。", 【血虚无瘀、痈疽已溃】者慎服。, 清热凉血 活血祛瘀 
 三七,"维生素A 1.5 微克,", 三七适宜【熬夜】人群服用。, 【孕妇、尿频】的人群禁食三七。, 补血养血 调理肠胃 提高免疫力力 滋阴补阴 排毒解毒 开胃消食 消除水肿 消脂吸脂 
 丹参,"热量 100 千卡,"," 适宜【月经不调,经闭,痛经,产后(产后食品)瘀痛,Y瘕积聚,胸腹刺痛,风湿痹痛,疮疡痈肿,热病神志昏迷,心悸失眠】；【肝硬化,冠心病】患者。"," 【月经过多】而无瘀血者禁服,【孕妇】慎服。", 养肝护肝 补血养血 补气益气 调理肠胃 增强记忆力 开胃消食 降血脂 抗衰老 
 益母草,"热量 24 千卡,", 一般人群均可食用益母草。【月经不调】患者更易食用。, 【阴虚血少、月经过多、寒滑泻利】者禁服益母草；【孕妇】忌食益母草。, 补血养血 安神镇定 止泻 消除水肿 养颜 抗衰老 
 川芎,"蛋白质 7.26 克,热量 86.64 千卡,脂肪 6.31 克,", 一般人均可食用川芎。特别是【女性】朋友们。, 凡【阴虚阳亢、肝阳上亢】者不宜应用；【月经过多、孕妇】亦忌用川芎。, 祛风 止痛镇痛 
 红花,"蛋白质 4.6 克,脂肪 4.9 克,碳水化合物 63.3 克,膳食纤维 23.9 克,烟酸 3.9 毫克,胡萝卜素 740 微克,维生素A 123 微克,维生素E 3.38 毫克,钙 312 毫克,磷 101 毫克,钾 54 毫克,钠 36 毫克,镁 178 毫克,铁 29.1 毫克,锌 5.15 毫克,硒 12.31 毫克,铜 2.31 毫克,锰 2.88 毫克,", 一般人均可服用红花。特别是对于扭伤患者。, 孕妇及月经过多者慎服红花。, 补血养血 止痛镇痛 
 桃仁,"热量 429 千卡,脂肪 37.6 克,碳水化合物 22.5 克,膳食纤维 28.9 克,胡萝卜素 3.1 微克,磷 63 毫克,"," 一般人群均可食用桃仁。尤其是【高血糖,糖尿病】患者。", 【孕妇】忌食桃仁。, 治便秘 调经 止血 
 当归,"蛋白质 14.98 克,热量 130.91 千卡,碳水化合物 7.96 克,"," 一般人均可食用当归。适宜【月经不调、闭经痛经、气血不足、头痛头晕、便秘】者食用。,"," 【慢性腹泻、大便溏泄】不宜食用当归。【热盛出血】者禁服,【湿盛中满、大便溏泄、孕妇】慎服当归。", 补血养血 安神镇定 治疗便秘 
 玫瑰花,"维生素E 3270 毫克,铁 22.2 毫克,锌 2.53 毫克,硒 8.4 毫克,", 一般人均适合食用玫瑰花。特别是【女性】朋友们。," 一般人皆可食用,无禁忌人群。", 补血养血 调理肠胃 开胃消食 美白 养颜 
 砂仁,"蛋白质 8.1 克,脂肪 1.5 克,碳水化合物 69 克,膳食纤维 28.6 克,烟酸 2.6 毫克,胡萝卜素 180 微克,维生素A 30 微克,钙 80 毫克,磷 67 毫克,钾 46 毫克,钠 21.6 毫克,镁 232 毫克,铁 0.6 毫克,锌 6.07 毫克,硒 4.2 毫克,铜 1.29 毫克,锰 22.96 毫克,", 一般人均可食用砂仁。【胃部不适】人群更易食用。, 【阴虚血燥、火热内炽】者慎服。, 健脾养脾 养胃健胃 补气益气 止泻 
 陈皮,"蛋白质 8 克,脂肪 1.4 克,碳水化合物 79 克,膳食纤维 20.7 克,烟酸 2.1 毫克,胡萝卜素 408 微克,维生素A 68 微克,维生素C 7 毫克,维生素E 6.73 毫克,钙 82 毫克,磷 85 毫克,钾 186 毫克,钠 21 毫克,镁 113 毫克,铁 9.3 毫克,锌 1 毫克,硒 4.4 毫克,铜 0.81 毫克,锰 0.74 毫克,"," 一般人均适合食用陈皮。陈皮适宜脾胃气滞、脘腹胀满、消化不良、食欲不振、咳嗽多痰之人食用。预防高血压、心肌梗死、脂肪肝之人、急性乳腺炎者也适合食用陈皮。,,", 【阴津亏损、内有实热者、儿童】慎食。, 健脾养脾 治疗便秘 开胃消食 降血脂 止呕止吐 抗衰老 
 合欢皮,"热量 400 千卡,", 一般人均可食用特别是【失眠】的人群。, 【喉部不适】的患者不宜食用。, 安神解郁 活血消痈 
 佛手,"蛋白质 1.2 克,热量 16 千卡,碳水化合物 3.8 克,膳食纤维 1.2 克,胡萝卜素 20 微克,维生素A 3 微克,维生素C 8 毫克,钙 17 毫克,磷 18 毫克,钾 76 毫克,钠 1 毫克,镁 10 毫克,硒 1.45 毫克,", 适宜郁结之【胁痛、胸闷、肝胃不和、脾胃气滞之脘腹胀痛、暖气、恶心】；【久咳痰多】症状的患者。, 【阴虚有火、无气滞】症状者慎服。, 补气益气 增强记忆力 降血压 消除水肿 
 郁金,"蛋白质 0.6 克,碳水化合物 12 克,膳食纤维 3.2 克,", 一般人群均可食用郁金。特别是【气血不足】患者。," 【气血虚而无瘀滞者、阴虚失血者】禁服,【孕妇】慎服郁金。", 补血养血 补气益气 排毒解毒 清热 止痛镇痛 
 香附,"热量 100 千卡,", 一般人均可食用。特别是【女性】朋友。, 【气虚无滞】者慎服；【阴虚、血热】者禁服。, 理气解郁 补血养血 调经止痛 
 柴胡,"脂肪 2 克,碳水化合物 12.3 克,膳食纤维 6.9 克,维生素C 6.3 毫克,", 一般人群均可食用柴胡。有【肺部不适】的患者更易食用。," 【肝阳上亢,肝风内动,阴虚火旺、气机上逆】者忌用或慎用柴胡。", 健脾养脾 养胃健胃 补气益气 防癌抗癌 清肺润肺 消暑解暑 
 艾叶,"蛋白质 1.8 克,碳水化合物 2 克,"," 一般人群均可食用,【月经不调】女性更易食用。", 【阴虚血热】者慎用。, 理气血 逐寒湿 止血 安胎 
 茴香,"蛋白质 2.5 克,碳水化合物 4.2 克,膳食纤维 1.6 克,烟酸 0.8 毫克,胡萝卜素 2410 微克,维生素A 402 微克,维生素C 26 毫克,维生素E 0.94 毫克,钙 154 毫克,磷 23 毫克,钾 149 毫克,钠 186.3 毫克,镁 46 毫克,铁 1.2 毫克,锌 0.73 毫克,硒 0.77 毫克,"," 一般人群均可食用,尤适宜【痉挛疼痛、白细胞减少症】患者。", 【阴虚火旺】者忌食。, 养胃健胃 补气益气 驱寒 减肥 
 茱萸肉,"脂肪 300 克,"," 【头晕目眩,耳鸣耳聋,腰膝酸软,骨蒸潮热】者易食用。"," 【命门火炽,肝阳上亢、湿热、小便不利】者禁服。", 强心 抗炎 抗菌 抗应激 抗氧化 降血脂 
 肉桂,"蛋白质 11.7 克,脂肪 2.7 克,碳水化合物 71.5 克,膳食纤维 39.6 克,维生素E 7.9 毫克,钙 88 毫克,磷 1 毫克,钾 167 毫克,钠 0.6 毫克,硒 0.8 毫克,铜 0.63 毫克,锰 10.81 毫克,"," 适宜平素【畏寒怕冷,四肢手脚发凉、胃寒冷痛、食欲不振、呕吐清水、腹部隐痛喜暖、肠鸣泄泻】者食用；妇女【产后腹痛、月经期间小腹发凉冷痛、寒性闭经】者；【腰膝冷痛,风寒湿性关节炎】者；【外科阴疽流注、慢性溃疡】久不收口者。"," 肉桂是温热性药物,如有【口渴、咽干舌燥、咽喉肿痛、鼻子出血等热性症状、急性炎症】时,均不宜服用。患有【干燥综合征、红斑狼疮、糖尿病、癌症、结核病、更年期综合征、慢性肝病、出血性疾病、大便干燥、痔疮、目赤】者忌食。", 补阳壮阳 止痛镇痛 
 燕窝,"钙 187 毫克,钾 300 毫克,镁 24 毫克,铁 47 毫克,锌 27 毫克,铜 9.1 毫克,", 一般人群均可食用。【老人、体质虚弱、产后、哺乳期妇女、女士】更宜。, 【儿童】慎食；【肺胃虚寒、腹泻患者】不宜服用；【湿热】者不宜多用。, 健脾养脾 养胃健胃 滋阴补阴 除皱 
 西洋参,, 【阴虚胃痛】者适宜食用。, 【中阳衰微、胃有寒湿】者忌服。, 养胃健胃 补气益气 防癌抗癌 开胃消食 
 玉竹,"蛋白质 2.3 克,热量 70.33 千卡,脂肪 4.66 克,碳水化合物 8.12 克,膳食纤维 2.1 克,", 适宜【体质虚弱、免疫力降低、阴虚燥热、食欲不振、肥胖】的人。," 【脾虚便溏】者慎服,【痰湿内蕴】者禁服。", 养胃健胃 滋阴补阴 清肺润肺 
 沙参,"蛋白质 0.8 克,脂肪 1.6 克,碳水化合物 21.6 克,膳食纤维 5.4 克,烟酸 2.7 毫克,胡萝卜素 5870 微克,维生素A 978 微克,维生素C 104 毫克,钙 585 毫克,磷 180 毫克,"," 沙参普遍适宜食用,特别适合【肺燥阴虚,干咳痰少,咽干鼻燥】者", 【风寒咳嗽、中寒便溏】者禁服；【痰热咳嗽】者慎服。, 补血养血 调理肠胃 增强记忆力 滋阴补阴 清肺润肺 开胃消食 清热 止咳 
 麦冬,"热量 89 千卡,", 一般人群均可食用。【心烦口渴、心阴不足、失眠】患者更易食用。, 【风寒咳嗽、感冒、腹泻、胃寒腹痛】病人忌用。, 养胃健胃 补气益气 调理肠胃 滋阴补阴 清肺润肺 治疗便秘 
 太子参,"蛋白质 0.8 克,热量 83 千卡,碳水化合物 21.6 克,膳食纤维 5.5 克,"," 【脾气虚弱,胃阴不足,食少体倦,烦热口渴】者；【肺虚燥咳,咽干痰粘】者；【气阴不足,心悸失眠】者。,"," 【表实邪盛】者忌食。,", 【健脾养脾 养胃健胃】 
 冬虫夏草,"蛋白质 20.9 克,脂肪 4.7 克,碳水化合物 61.6 克,膳食纤维 20.1 克,烟酸 3.3 毫克,维生素B2 0.7 毫克,维生素C 2 毫克,钙 197 毫克,磷 95 毫克,钾 595 毫克,钠 264 毫克,镁 84 毫克,铁 66.5 毫克,锌 4.87 毫克,硒 1.4 毫克,铜 1.54 毫克,锰 0.86 毫克,"," 冬虫夏草适宜【慢性支气管、肺气肿、肺结核、支气管哮喘】患者,【盗汗者、阳痿、遗精】者。", 有【表实邪盛】者慎服冬虫夏草。, 养肾补肾 滋阴补阴 清肺润肺 
 黄芪,"热量 74 千卡,铁 30.50 毫克,锌 1.37 毫克,", 黄芪最适合【气虚脾湿】型的人。," 【腹胀、风热咳嗽、感冒、表实邪盛、气滞湿阻、食积停滞、痈疽初起、溃后热毒】尚盛等,【阴虚阳亢】者忌食。", 补气益气 祛湿 消除水肿 
 人参,, 一般人群均可食用。尤适宜【体质虚弱、气血不足、气短、贫血、神经衰弱】者。," 【实证、热证而正气不虚】者忌服。【藜芦、五灵脂、皂荚】过敏,应忌同用。,", 养肾补肾 补阳壮阳 滋阴补阴 安神镇定 明目 止呕止吐 
 菊花,"蛋白质 6 克,热量 242 千卡,脂肪 3.3 克,碳水化合物 47.1 克,膳食纤维 15.9 克,烟酸 9.2 毫克,胡萝卜素 8.5 微克,维生素C 1 毫克,维生素E 1.61 毫克,钙 234 毫克,磷 88 毫克,钾 132 毫克,钠 20.5 毫克,镁 256 毫克,铁 78 毫克,锌 2.42 毫克,硒 11.08 毫克,铜 0.77 毫克,锰 3.47 毫克,", 一般人均可服用菊花。特别经常【上火】的人群。, 【气虚胃寒、食少泄泻】者慎服菊花。, 养肝护肝 安神镇定 排毒解毒 清热 
 荷叶,"烟酸 21.2 毫克,锌 50 毫克,铜 19 毫克,", 一般人群均可食用荷叶。需要【减肥】的人群更易食用。," 【空腹服用】荷叶茶,会使【胃酸】猛增,对胃黏膜造成不良刺激,使胃发胀满、泛酸,若在空腹时食用会增强饥饿感并加重原有的【胃痛】。", 健脾养脾 养胃健胃 补气益气 调理肠胃 增强记忆力 滋阴补阴 
 阿胶,"热量 195 千卡,", 【贫血患者、女性、亚健康、体力脑力过劳者、老年人】都可以服用阿胶。, 凡【脾胃虚弱、呕吐泄泻、腹胀便溏、咳嗽痰多】者慎用阿胶。, 补血养血 滋阴补阴 
 灵芝,"蛋白质 0.53 克,热量 48.54 千卡,碳水化合物 12.35 克,膳食纤维 1.02 克,", 一般人群皆可食用灵芝。【虚劳、咳嗽、气喘、失眠、消化不良、恶性肿瘤】患者更宜食用。," 【幼儿,手术前、后一周内、大出血、痛风、服用凝血剂病人】不宜食用灵芝。", 养肝护肝 提高免疫力力 增强记忆力 防癌抗癌 安神镇定 开胃消食 降血糖 止咳 抗衰老 促进睡眠 
 黄精,"热量 195 千卡,"," 适宜【脾胃虚弱,体倦乏力,口干食少,肺虚燥咳,精血不足,内热消渴】等人群。"," 【中寒泄泻,痰湿痞满气滞】者忌服。", 补阳壮阳 调理肠胃 提高免疫力力 止咳 养颜 抗衰老 
 芡实,"蛋白质 4.4 克,热量 144 千卡,碳水化合物 31.5 克,烟酸 2.5 毫克,维生素C 6 毫克,钙 9 毫克,磷 110 毫克,"," 一般人群均可食用,【遗尿尿频、脾虚久泻】患者易食用。", 【产妇】忌食。, 补脾止泄 防癌抗癌 防止衰老 
 党参,"脂肪 0.8 克,碳水化合物 75 克,"," 适宜【体质虚弱,气血不足,面色萎黄、病后产后体虚】者；【脾胃气虚,神疲倦怠,四肢乏力,食少便溏,慢性腹泻,肺气不足,咳嗽气促,气虚体弱,易于感冒】；【气虚血亏者、慢性肾炎蛋白尿、慢性贫血、萎黄病、白血病、血小板减少性紫癜、佝偻病】患者。", 【气滞、肝火盛】者禁用；【邪盛而正不虚】者不宜用。, 增强抵抗力 降血压 补中益气 养血 防治胃溃疡 
 百合,"蛋白质 3.2 克,碳水化合物 38.8 克,膳食纤维 1.7 克,烟酸 0.7 毫克,维生素C 18 毫克,钙 11 毫克,磷 61 毫克,钾 510 毫克,钠 6.7 毫克,镁 43 毫克,铁 1 毫克,", 适宜【哮喘、肺燥】者。, 【风寒咳嗽、脾虚便溏】忌食。, 润肺止咳 宁心安神 美容养颜 防癌抗癌 
 白果,"蛋白质 13.2 克,脂肪 1.3 克,碳水化合物 72.6 克,维生素E 24.7 毫克,钙 54 毫克,磷 23 毫克,钾 17 毫克,钠 17.5 毫克,锌 0.69 毫克,硒 14.5 毫克,锰 2.03 毫克,"," 一般人群均可食用。尤适宜【肺结核咳嗽、老人虚弱哮喘者；妇女体虚白带多,中老年人遗精白浊,小便频数,小儿遗尿】者。"," 五岁以下【小儿、有实邪者】不可服用。白果有小毒,不宜多食常食。", 抗衰老 保肝护脏 防治心血管疾病 
 何首乌,, 一般人群均可食用。适用于【肝肾阴亏、须发早白、血虚头晕、腰膝酸软、筋骨酸痛、遗精、崩带、久痢、慢性肝炎】患者更易食用。, 【大便溏泻、有湿痰】者慎服。, 补血养血 补气益气 止痛镇痛 
 熟地,," 一般人均可食用,【遗精阳痿、不育不孕、月经不调】更易食用。"," 【脾胃虚弱,气滞痰多,腹满便溏】者忌服。", 养肾补肾 养肝护肝 补血养血 提高免疫力力 
 枸杞子,"蛋白质 13.9 克,脂肪 1.5 克,碳水化合物 64.1 克,膳食纤维 16.9 克,烟酸 4 毫克,胡萝卜素 9750 微克,维生素A 1625 微克,维生素C 48 毫克,维生素E 1.86 毫克,钙 60 毫克,磷 209 毫克,钾 434 毫克,钠 252.1 毫克,镁 96 毫克,铁 5.4 毫克,锌 1.48 毫克,硒 13.25 毫克,铜 0.98 毫克,锰 0.87 毫克,", 一般人群均可食用。适宜【肝肾阴虚、癌症、高血压、高血脂、动脉硬化、慢性肝炎、脂肪肝】患者食用；【用眼过度、老人】更加适合。," 【外邪实热,脾虚有湿、泄泻者】忌服。", 明目 增强免疫力 降三高 促进胃肠蠕 
 芦荟,"热量 41 千卡,", 一般人群均可使用。尤适宜【便秘、皮肤炎、支气管炎】患者。," 【肠胃敏感,肾脏疾病患者、妊娠妇女】忌食。", 增强体质 杀菌 抗炎 湿润美容 健胃下泄 强心活血 解毒 抗肿瘤 抗衰老 镇痛 镇静 防臭 防虫 防腐 防晒 
 山药,"蛋白质 1.9 克,碳水化合物 12.4 克,膳食纤维 0.8 克,胡萝卜素 20 微克,维生素A 3 微克,维生素C 5 毫克,钙 16 毫克,磷 34 毫克,钾 213 毫克,钠 18.6 毫克,镁 20 毫克,硒 0.55 毫克,"," 一般人群均可,尤其适合于【手脚冰凉】的女性、【老胃病】复发的患者、易患【感冒】的老人、【消化不良、男女肾亏】等人群。"," 山药有收涩的作用,因而【大便燥结】者不宜食用。", 健脾益胃 聪耳明目 食欲不振 脾胃虚弱 皮肤赤肿 肥胖病症 
 高粱,"蛋白质 13.6 克,热量 349 千卡,脂肪 2.7 克,碳水化合物 71.1 克,膳食纤维 3.5 克,烟酸 1.4 毫克,维生素E 1.79 毫克,钙 30 毫克,磷 244 毫克,钾 201 毫克,钠 1.7 毫克,镁 116 毫克,铁 5.7 毫克,锌 3.05 毫克,硒 2.31 毫克,铜 0.57 毫克,锰 1.5 毫克,"," 一般人都可食用。适宜【小儿消化不良】时服食；适宜于【脾胃气虚、大便溏泄】之人食用；黏性较强的高粱,适宜于【肺结核】病人食用。"," 【糖尿病】患者应禁食高粱,【大便燥结、便秘】者应少食或不食高粱。", 健脾养脾 开胃消食 有助发育 
 蚕豆,"蛋白质 21.6 克,脂肪 1 克,碳水化合物 61.5 克,膳食纤维 1.7 克,烟酸 1.9 毫克,维生素C 2 毫克,维生素E 1.6 毫克,钙 31 毫克,磷 418 毫克,钾 1117 毫克,钠 86 毫克,镁 57 毫克,铁 8.2 毫克,锌 3.42 毫克,硒 1.3 毫克,铜 0.99 毫克,锰 1.09 毫克,"," 一般人群均可食用,尤适宜【老人、学生、脑力工作者、高胆固醇、便秘】者。,", 【中焦虚寒、蚕豆过敏】者忌食。, 健脾养脾 增强记忆力 防癌抗癌 排毒解毒 降低胆固醇 
 刀豆,"蛋白质 3.1 克,热量 36 千卡,碳水化合物 5.2 克,膳食纤维 1.8 克,烟酸 1 毫克,胡萝卜素 0.6 微克,维生素A 37 微克,维生素C 15 毫克,钙 49 毫克,磷 57 毫克,钾 209 毫克,钠 8.5 毫克,镁 29 毫克,铁 4.6 毫克,锌 0.84 毫克,硒 0.88 毫克,", 一般人群均可食用。特别适宜【脾虚便溏、饮食减少、慢性久泄、妇女脾虚带下、小儿疳积(单纯性消化不良)】者食用；适宜夏季【感冒挟湿、急性胃肠炎、消化不良、暑热头痛头昏、恶心、烦躁、口渴欲饮、心腹疼痛、食欲不振之人服食；适宜【癌症】病人服食。," 患【寒热】病者,患【冷气】人,患【疟、尿路结石】者忌食。", 健脾养脾 补气益气 消暑解暑 祛湿 清热 
 糙米,"蛋白质 8.07 克,脂肪 1.85 克,碳水化合物 77.9 克,膳食纤维 2.33 克,烟酸 1.9 毫克,钙 13 毫克,磷 110 毫克,钾 103 毫克,钠 3.8 毫克,镁 34 毫克,铁 2.3 毫克,锌 1.7 毫克,硒 2.23 毫克,锰 1.29 毫克,", 一般人群均可食用。尤适宜【肥胖、贫血、便秘】者。, 【胃肠消化不佳】的人慎食。, 调理肠胃 防癌抗癌 治疗便秘 排毒解毒 提高代谢 降低胆固醇 
 大麦,"蛋白质 10.2 克,脂肪 1.4 克,碳水化合物 73.3 克,膳食纤维 9.9 克,烟酸 3.9 毫克,维生素E 1.23 毫克,生物素 14 微克,钙 66 毫克,磷 381 毫克,钾 49 毫克,镁 158 毫克,铁 6.4 毫克,锌 4.36 毫克,硒 9.8 毫克,铜 0.63 毫克,锰 1.23 毫克,"," 一般人群均可食用,尤适宜【脾胃虚弱、消化不良】者；凡【肝病、食欲不振、伤食后胃满腹胀者、妇女回乳乳房胀痛者】。", 【孕妇、哺乳期妇女】忌食。, 调理肠胃 减肥 降低胆固醇 
 黑豆,"蛋白质 36 克,脂肪 15.9 克,碳水化合物 33.6 克,膳食纤维 10.2 克,烟酸 2 毫克,胡萝卜素 30 微克,维生素A 5 微克,维生素E 17.36 毫克,钙 224 毫克,磷 500 毫克,钾 1377 毫克,钠 3 毫克,镁 243 毫克,铁 7 毫克,锌 4.18 毫克,硒 6.79 毫克,铜 1.56 毫克,锰 2.83 毫克,", 一般人群均可食用。中老年【骨质疏松】患者易食用。, 【儿童、肠胃功能不佳】者慎食。, 抗老防衰 预防骨质疏松 防便秘 美容护发 
 薏米,"蛋白质 12.8 克,脂肪 3.3 克,碳水化合物 71.1 克,膳食纤维 2 克,烟酸 2 毫克,维生素E 2.08 毫克,钙 42 毫克,磷 217 毫克,钾 238 毫克,钠 3.6 毫克,镁 88 毫克,铁 3.6 毫克,锌 1.68 毫克,硒 3.07 毫克,锰 1.37 毫克,", 一般人群均可食用。尤适宜【胃癌、子宫颈癌、脚气病、水肿、关节炎】患者。, 【汗少、便秘】者忌食。, 健脾养脾 养胃健胃 养肾补肾 补气益气 调理肠胃 滋阴补阴 安神镇定 清肺润肺 祛湿 降血脂 祛风 提高代谢 控制食欲 养颜 抗衰老 
 小米,"蛋白质 9 克,脂肪 3.1 克,碳水化合物 75.1 克,膳食纤维 1.6 克,烟酸 1.5 毫克,胡萝卜素 100 微克,维生素A 17 微克,维生素E 3.63 毫克,钙 41 毫克,磷 229 毫克,钾 284 毫克,钠 4.3 毫克,镁 107 毫克,铁 5.1 毫克,锌 1.87 毫克,碘 3.7 毫克,硒 4.74 毫克,铜 0.54 毫克,锰 0.89 毫克,", 一般人群均可食用。【孕妇】女性宜食用。, 【气滞】者忌用；【素体虚寒、小便清长】者慎食。, 治消化不良 减少细菌 防流产 滋阴 祛斑美容 强性 
 莲子,"蛋白质 17.2 克,脂肪 2 克,碳水化合物 67.2 克,膳食纤维 3 克,烟酸 4.2 毫克,维生素C 5 毫克,维生素E 2.17 毫克,钙 97 毫克,磷 550 毫克,钾 846 毫克,钠 5.1 毫克,镁 242 毫克,铁 3.6 毫克,锌 2.78 毫克,硒 3.36 毫克,铜 1.33 毫克,锰 8.23 毫克,", 一般人群均可食用。尤适宜【中老年人、体虚、失眠、食欲不振、癌症】病人。, 【中满痞胀、大便燥结】者忌服。【体虚、脾胃虚弱】慎食。, 健脾养脾 养胃健胃 养肾补肾 防癌抗癌 安神镇定 降血压 
 黄豆,"蛋白质 35 克,脂肪 16 克,碳水化合物 34.2 克,膳食纤维 15.5 克,烟酸 2.1 毫克,胡萝卜素 220 微克,维生素A 37 微克,维生素E 18.9 毫克,叶酸 181.1 微克,水 9.2 克,生物素 60 微克,钙 191 毫克,磷 465 毫克,钾 1503 毫克,钠 2.2 毫克,镁 199 毫克,铁 8.2 毫克,锌 3.34 毫克,碘 9.7 毫克,硒 6.16 毫克,铜 1.35 毫克,锰 2.26 毫克,", 一般人群均可食用。尤适宜【癌症、矽肺、肥胖、便秘】者。, 【腹泻、脾胃虚寒】者慎食。, 清热利湿 养气补血 预防高血压 美容护发 促进骨骼发育 
 红豆,"蛋白质 20.2 克,热量 309 千卡,脂肪 0.6 克,碳水化合物 63.4 克,膳食纤维 7.7 克,烟酸 2 毫克,胡萝卜素 80 微克,维生素A 13 微克,维生素E 14.36 毫克,钙 74 毫克,磷 305 毫克,钾 860 毫克,钠 2.2 毫克,镁 138 毫克,铁 7.4 毫克,锌 2.2 毫克,碘 7.8 毫克,硒 3.8 毫克,铜 0.64 毫克,锰 1.33 毫克,"," 一般人群均可食用红豆,红豆对【肾脏性水肿、心脏性水肿、肝硬化、肝腹水、营养不良性水肿】等病症有很好的疗效。"," 红豆能通利水道,故【尿多】之人忌食；如若被【蛇咬伤】,百日之内不宜食用红豆。", 健脾养脾 养胃健胃 补血养血 调理肠胃 清肺润肺 消暑解暑 排毒解毒 
 绿豆,"蛋白质 21.6 克,脂肪 0.8 克,碳水化合物 62 克,膳食纤维 6.4 克,烟酸 2 毫克,胡萝卜素 130 微克,维生素A 22 微克,维生素E 10.95 毫克,钙 81 毫克,磷 337 毫克,钾 787 毫克,钠 3.2 毫克,镁 125 毫克,铁 6.5 毫克,锌 2.18 毫克,硒 4.28 毫克,铜 1.08 毫克,锰 1.11 毫克,"," 一般人群均可食用。【高血压,易上火】人群易食用。", 【脾胃虚弱】的人不宜多食。, 清热解毒 抗菌抑菌 抗过敏 降血脂 护肾脏 
 毛豆,"蛋白质 13.1 克,脂肪 5 克,碳水化合物 10.5 克,膳食纤维 4 克,烟酸 1.4 毫克,胡萝卜素 130 微克,维生素A 22 微克,维生素C 27 毫克,维生素E 2.44 毫克,钙 135 毫克,磷 188 毫克,钾 478 毫克,钠 3.9 毫克,镁 70 毫克,铁 3.5 毫克,锌 1.73 毫克,硒 2.48 毫克,铜 0.54 毫克,锰 1.2 毫克,"," 一般人群均可食用,【腹胀、胃部不适】人群易食用。"," 【幼儿、尿毒症】患者忌食,对黄豆有【过敏体质】者不宜多食。", 增进食欲 补铁 美容 减肥 降血脂 预防骨质疏松 促进新陈代谢 
 豆浆,"蛋白质 19.7 克,热量 422 千卡,脂肪 9.4 克,碳水化合物 64.6 克,膳食纤维 2.2 克,烟酸 0.7 毫克,胡萝卜素 2.6 微克,维生素E 17.99 毫克,钙 101 毫克,磷 253 毫克,钾 771 毫克,钠 26.4 毫克,镁 122 毫克,铁 3.7 毫克,锌 1.77 毫克,硒 3.3 毫克,铜 0.69 毫克,锰 1.24 毫克,", 一般人群均可食用。特别适合【女性、老人】。," 【急性胃炎、慢性浅表性胃炎、痛风】病人,【肾结石、胃溃疡】患者忌食。", 降血糖 养颜 防癌症 防止脑中风 
 紫米,"蛋白质 8.3 克,热量 343 千卡,脂肪 1.7 克,碳水化合物 75.1 克,膳食纤维 1.4 克,烟酸 4.2 毫克,维生素E 1.36 毫克,钙 13 毫克,磷 183 毫克,钾 219 毫克,钠 4 毫克,镁 16 毫克,铁 3.9 毫克,锌 2.16 毫克,碘 3.8 毫克,硒 2.88 毫克,锰 2.37 毫克,"," 一般人群均可食用。特别适合【脾胃虚弱,体虚乏力,贫血失血,心悸气短,咳嗽喘逆,早泄,滑精,小便频多】等患者食用。", 患有【消化系统疾病】的人群不宜食用。, 益气补血 暖胃健脾 补肝补肾 缩小便 止咳喘 
 燕麦,"蛋白质 15 克,脂肪 6.7 克,碳水化合物 61.6 克,膳食纤维 5.3 克,烟酸 1.2 毫克,维生素A 420 微克,维生素E 3.07 毫克,叶酸 25 微克,生物素 24.6 微克,钙 186 毫克,磷 291 毫克,钾 214 毫克,钠 3.7 毫克,镁 177 毫克,铁 7 毫克,锌 2.59 毫克,硒 4.31 毫克,", 一般人群均可食用。尤适宜【便秘、糖尿病、脂肪肝、高血压、高血脂、动脉硬化】患者。, 【肠道敏感】人慎食。, 降血糖 润肠通便 补充钙质 延年益寿 美白祛斑 预防心血管疾病 
 小麦,"蛋白质 11.9 克,脂肪 1.3 克,碳水化合物 75.2 克,膳食纤维 10.8 克,烟酸 4 毫克,维生素E 1.82 毫克,生物素 10.1 微克,钙 34 毫克,磷 325 毫克,钾 289 毫克,钠 6.8 毫克,镁 4 毫克,铁 5.1 毫克,锌 2.33 毫克,硒 4.05 毫克,锰 3.1 毫克,", 一般人群均可食用。, 【慢性肝病】患者不适宜吃小麦。, 养心 益肾 和血 健脾 
 黑米,"蛋白质 9.4 克,脂肪 2.5 克,碳水化合物 72.2 克,膳食纤维 3.9 克,烟酸 7.9 毫克,钙 12 毫克,磷 356 毫克,钾 256 毫克,钠 7.1 毫克,镁 147 毫克,铁 1.6 毫克,锌 3.8 毫克,硒 3.2 毫克,锰 1.72 毫克,", 一般人群均可食用。, 病后【脾胃虚弱】的人慎食。, 抗衰老 预防动脉硬化 低血糖 降血压 减少患心脑血管疾病 
 粳米,"蛋白质 7.7 克,脂肪 0.6 克,碳水化合物 77.4 克,膳食纤维 0.6 克,烟酸 1.3 毫克,维生素E 1.01 毫克,钙 11 毫克,磷 121 毫克,钾 97 毫克,钠 2.4 毫克,镁 34 毫克,铁 1.1 毫克,锌 1.45 毫克,硒 2.5 毫克,锰 1.36 毫克,"," 一般人群均可食用。适宜一切【体虚,高热】之人,【久病初愈,产妇,老年人,婴幼儿消化力减弱】者。", 【糖尿病】患者忌食。, 润肠通便 提高免疫力力 养胃 活血祛瘀 
 玉米,"蛋白质 4 克,脂肪 1.2 克,碳水化合物 22.8 克,膳食纤维 2.9 克,烟酸 1.8 毫克,维生素A 63 微克,维生素C 16 毫克,叶酸 12 微克,钙 1 毫克,磷 117 毫克,钾 238 毫克,钠 1.1 毫克,镁 32 毫克,铁 1.1 毫克,锌 0.9 毫克,硒 1.63 毫克,"," 一般人群均可食用。尤适宜【便秘,高血压,动脉硬化】患者。"," 【腹胀,尿失禁】患者忌食。", 减肥 防癌抗癌 降血压 降血脂 提高记忆力 抗衰老 明目 促进胃肠蠕动 
 豆腐,"蛋白质 8.1 克,脂肪 3.7 克,碳水化合物 4.2 克,维生素E 2.71 毫克,钙 164 毫克,磷 119 毫克,钾 125 毫克,钠 7.2 毫克,镁 27 毫克,铁 1.9 毫克,锌 1.11 毫克,硒 2.3 毫克,", 一般人群均可食用。, 【痛风】病人、【血尿酸浓度增高】的患者慎食。, 预防心血管疾病 降低乳腺癌发病率 抗血管 补益清热养生 
 燕麦片,"蛋白质 15 克,热量 367 千卡,脂肪 6.7 克,碳水化合物 61.6 克,膳食纤维 5.3 克,烟酸 1.2 毫克,胡萝卜素 2.2 微克,维生素E 3.07 毫克,钙 186 毫克,磷 291 毫克,钾 214 毫克,钠 3.7 毫克,镁 177 毫克,铁 7 毫克,锌 2.59 毫克,硒 4.31 毫克,铜 45 毫克,锰 3.36 毫克,", 【肠道敏感】人慎食。, 一般人群均可食用。尤适宜【便秘、糖尿病、脂肪肝、高血压、高血脂、动脉硬化】患者。, 健脾益胃 补气养血 养血安神 缓和药性 
 豌豆,"蛋白质 7.4 克,热量 105 千卡,碳水化合物 21.2 克,膳食纤维 3 克,烟酸 2.3 毫克,胡萝卜素 220 微克,维生素A 37 微克,维生素C 14 毫克,维生素E 1.21 毫克,钙 21 毫克,磷 127 毫克,钾 332 毫克,钠 1.2 毫克,镁 43 毫克,铁 1.7 毫克,锌 1.29 毫克,硒 1.74 毫克,锰 0.65 毫克,"," 一般人群均可,尤其适合【脱肛、慢性腹泻、子宫脱垂】等【中气不足】患者宜食。"," 由于豌豆多吃会腹胀,易产气,因而【尿路结石、皮肤病、慢性胰腺炎】患者不宜食用；此外,【糖尿病、消化不良】者也要慎食。", 具有益中气 止泻痢 利小便 消痈肿功效 还可治脾胃不适 呃逆呕吐 心腹胀痛 口渴泻痢等病症 
 秋刀鱼,"蛋白质 16.7 克,热量 125 千卡,脂肪 7.6 克,烟酸 4.27 毫克,维生素A 43.6 微克,维生素E 0.76 毫克,胆固醇 65.9 毫克,钙 12.9 毫克,磷 149.7 毫克,钾 350.6 毫克,钠 605.9 毫克,镁 35.3 毫克,锌 1.08 毫克,硒 28.61 毫克,", 健康体质平和质，气虚体质，阳虚体质的人群适宜食用秋刀鱼。, 有肝硬化病状的不宜食用秋刀鱼。, 提高免疫力力 降血压 
 咸鱼,"蛋白质 14.74 克,脂肪 10.66 克,碳水化合物 3.06 克,膳食纤维 1.61 克,", 口腔溃烂、牙龈肿痛、口臭患者更易食用咸鱼。, 高血压病人、高温条件下工作人士忌食咸鱼。, 排毒解毒 清热 
 小龙虾,"蛋白质 14.8 克,脂肪 3.8 克,烟酸 2.7 毫克,维生素E 4.31 毫克,钙 85 毫克,磷 228 毫克,钾 550 毫克,钠 225.2 毫克,镁 2 毫克,铁 6.4 毫克,锌 1.45 毫克,硒 7.9 毫克,铜 1.07 毫克,锰 3.25 毫克,"," 小龙虾适宜肾虚阳痿,男性不育症,腰脚无力之人食用；适宜中老年人缺钙所致的小腿抽筋者食用；中老年人,孕妇和心血管病患者更适合食用小龙虾。"," 宿疾者,正值上火之时不宜食小龙虾；患过敏性鼻炎,支气管炎,反复发作性过敏性皮炎的老年人不宜吃小龙虾；患有皮肤疥癣者忌食。", 补阳壮阳 提高免疫力力 
 鱼翅,"蛋白质 22.2 克,脂肪 3.2 克,", 一般人群均可食用鱼翅，气血不足、营养不良、体质虚弱之人，各种癌症、心血管疾病、免疫性疾病患者适宜食用鱼翅。 , 鱼翅性温营养，诸无禁忌。, 健脾养脾 养胃健胃 养肝护肝 养肾补肾 提高免疫力力 降血压 养颜 
 鱼肚,"蛋白质 12.62 克,热量 103.72 千卡,脂肪 4.31 克,碳水化合物 3.37 克,", 一般人均可食用，痔疮人群宜多食用, 胃呆痰多、舌苔厚腻以及感冒未愈者不宜食用。, 养胃健胃 养肾补肾 调理肠胃 增强记忆力 防癌抗癌 滋阴补阴 开胃消食 消除水肿 养颜 抗衰老 
 龟,"蛋白质 18 克,脂肪 4.5 克,碳水化合物 2 克,", 龟适合【糖尿病、营养不良】的人食用。对于【产妇】食用龟能促进恢复。," 无任何饮食禁忌,一般人均可食用。", 补血养血 抗衰老 
 鳗鱼,"蛋白质 18.6 克,脂肪 10.8 克,碳水化合物 2.3 克,烟酸 3.8 毫克,维生素E 3.6 毫克,胆固醇 177 毫克,钙 42 毫克,磷 248 毫克,钾 207 毫克,钠 58.8 毫克,镁 34 毫克,铁 1.5 毫克,锌 1.15 毫克,硒 33.66 毫克,", 一般人群均可食用。适宜夜盲症、贫血、肺结核患者。, 鳗鱼是发物，患慢性病及水产品过敏的人忌食；感冒、发热、红斑狼疮患者忌食。, 健脾养脾 养肾补肾 补血养血 调理肠胃 滋阴补阴 清肺润肺 开胃消食 抗衰老 
 田螺,"蛋白质 11 克,碳水化合物 3.6 克,烟酸 2.2 毫克,维生素E 0.75 毫克,胆固醇 154 毫克,钙 1030 毫克,磷 93 毫克,钾 98 毫克,钠 26 毫克,镁 77 毫克,铁 19.7 毫克,锌 2.71 毫克,硒 16.73 毫克,铜 0.8 毫克,锰 1.26 毫克,", 一般人群均可食用。尤适宜【黄疸、水肿、小便不通、痔疮便血、脚气、消渴、风热目赤肿痛、醉酒】之人；适宜【糖尿病、癌症、干燥综合征、肥胖症、高脂血症、冠心病、动脉硬化、脂肪肝】者。, 凡【脾胃虚寒、大便溏泄、胃寒】病者；【风寒感冒、经期、产妇】忌食。, 调理肠胃 滋阴补阴 开胃消食 清热 驱寒 消除水肿 提高代谢 控制食欲 抗衰老 有助发育 
 海蜇,"蛋白质 6 克,热量 74 千卡,碳水化合物 11.8 克,维生素A 14 微克,维生素E 2.82 毫克,胆固醇 10 毫克,钙 120 毫克,磷 22 毫克,钾 331 毫克,钠 467.7 毫克,镁 114 毫克,铁 5.1 毫克,硒 16.6 毫克,锰 1.76 毫克,", 一般人群均可食用。尤适宜【中老年急慢性支气管炎、咳嗽哮喘、痰多黄稠】之人；【高血压、头昏脑胀、烦热口渴、大便燥结】者；【单纯性甲状腺肿】患者；【醉酒】者。, 【脾胃虚寒】者忌食。, 调理肠胃 降血压 
 海参,"蛋白质 16.5 克,碳水化合物 2.5 克,维生素E 3.14 毫克,胆固醇 51 毫克,钙 285 毫克,磷 28 毫克,钾 43 毫克,钠 502.9 毫克,镁 149 毫克,铁 13.2 毫克,锌 0.63 毫克,硒 63.93 毫克,锰 0.76 毫克,", 一般人群均可食用。尤适宜【高血压、冠心病、肝炎、肾炎、糖尿病】患者。, 患【急性肠炎、菌痢、感冒、咳痰、气喘、大便溏泄、出血兼有瘀滞、湿邪阻滞】的患者忌食。, 美容养颜 抑制血栓 抗癌 降三高 预防前列腺 增加造血功能 增强免疫力 
 虾米,"蛋白质 43.7 克,脂肪 2.6 克,烟酸 5 毫克,维生素A 21 微克,维生素E 1.46 毫克,胆固醇 525 毫克,钙 555 毫克,磷 666 毫克,钾 550 毫克,钠 4891.9 毫克,镁 236 毫克,铁 11 毫克,锌 3.82 毫克,碘 82.5 毫克,硒 75.4 毫克,铜 2.33 毫克,锰 0.77 毫克,", 【中老年人、孕妇、心血管病患者、肾虚阳痿、男性不育症、腰脚无力】之人尤其适合食用。, 【宿疾】者、正值【上火】之时者、患过【敏性鼻炎、支气管炎、反复发作性过敏性皮炎】的老年人、患有皮肤【疥癣】者忌食。【服用维生素C者】忌食。, 通乳汁 增加骨密度 消除时差症 镇静 保护心血管 
 甲鱼,"蛋白质 17.8 克,脂肪 4.3 克,碳水化合物 2.1 克,烟酸 3.3 毫克,维生素A 139 微克,维生素E 1.88 毫克,胆固醇 101 毫克,钙 70 毫克,磷 114 毫克,钾 196 毫克,钠 96.9 毫克,镁 15 毫克,铁 2.8 毫克,锌 2.31 毫克,硒 15.19 毫克,", 一般人群均可食用。尤适宜【肝肾阴虚、营养不良、糖尿病、冠心病】患者。, 【肝炎、肠胃炎、胃溃疡、胆囊炎、消化系统疾病】患者忌食；【失眠、孕妇、产后泄泻】忌食；【肠胃功能不佳、消化不良】的人慎吃。, 养肾补肾 养肝护肝 滋阴补阴 
 牡蛎,"蛋白质 5.3 克,脂肪 2.1 克,碳水化合物 8.2 克,烟酸 1.4 毫克,胡萝卜素 2.4 微克,维生素A 27 微克,维生素E 0.81 毫克,胆固醇 100 毫克,钙 131 毫克,磷 115 毫克,钾 200 毫克,钠 462.1 毫克,镁 65 毫克,铁 7.1 毫克,锌 9.39 毫克,硒 86.64 毫克,铜 8.13 毫克,锰 0.85 毫克,"," 一般人群均可食用。经常【失眠,免疫力低下】者更易食用。", 【虚而有寒】者忌食。, 强肝解毒 净化淤血 助性 养颜美容 增强免疫力 促进新陈代谢 
 鳙鱼,"蛋白质 15.3 克,热量 100 千卡,脂肪 2.2 克,碳水化合物 4.7 克,烟酸 2.8 毫克,胡萝卜素 1.3 微克,维生素A 34 微克,维生素E 2.65 毫克,胆固醇 112 毫克,钙 82 毫克,磷 180 毫克,钾 229 毫克,钠 60.6 毫克,镁 26 毫克,铁 0.8 毫克,锌 0.76 毫克,硒 19.47 毫克,"," 一般人群均可食用,鳙鱼适宜【体质虚弱、脾胃虚寒、营养不良】之人食用。"," 鳙鱼性偏温,【热病、内热、荨麻疹、癣病者、瘙痒性皮肤病】应忌食。", 防癌抗癌 养颜 抗衰老 保护心脑血管 
 鱿鱼,"蛋白质 17 克,脂肪 0.8 克,维生素A 16 微克,维生素E 0.94 毫克,钙 43 毫克,磷 60 毫克,钾 16 毫克,钠 134.7 毫克,镁 61 毫克,锌 1.36 毫克,硒 13.65 毫克,", 一般人群均可食用。尤适宜【骨质疏松、缺铁性贫血、月经不调】患者。, 【高血脂、高胆固醇血症、动脉硬化、肝病】患者慎食。, 养胃健胃 养肝护肝 补气益气 滋阴补阴 
 墨鱼,"蛋白质 15.2 克,脂肪 0.9 克,碳水化合物 3.4 克,烟酸 1.8 毫克,维生素E 1.49 毫克,胆固醇 226 毫克,钙 15 毫克,磷 165 毫克,钾 400 毫克,钠 165.5 毫克,镁 39 毫克,铁 1 毫克,锌 1.34 毫克,碘 13.9 毫克,硒 37.52 毫克,铜 0.69 毫克,"," 适宜【阴虚体质,贫血,妇女血虚经闭、带下、崩漏】者食用。"," 【脾胃虚弱、高血脂、高胆固醇血症、动脉硬化、心血管病、肝病】患者,患有【湿疹、荨麻疹、痛风、肾脏病、糖尿病、易过敏】者,乌贼鱼肉属动风发物,故有病之人酌情忌食。", 壮阳健身 益血补肾 健胃理气 
 泥鳅,"蛋白质 17.9 克,脂肪 2 克,碳水化合物 1.7 克,烟酸 6.2 毫克,维生素A 14 微克,维生素E 0.79 毫克,胆固醇 136 毫克,钙 299 毫克,磷 302 毫克,钾 282 毫克,钠 74.8 毫克,镁 28 毫克,铁 2.9 毫克,锌 2.76 毫克,硒 35.3 毫克,", 一般人群均可食用。尤适宜【体质虚弱、脾胃虚寒、营养不良、小儿体虚盗汗、老年人、心血管疾病、癌症患者、放疗化疗后、急慢性肝炎、黄疸、急性黄疽型肝炎】者。," 一般人皆可食用泥鳅,无特殊禁忌。", 健脾养脾 养胃健胃 养肾补肾 补血养血 补气益气 
 青鱼,"蛋白质 20.1 克,脂肪 4.2 克,烟酸 2.9 毫克,维生素A 42 微克,维生素E 0.81 毫克,胆固醇 108 毫克,钙 31 毫克,磷 184 毫克,钾 325 毫克,钠 47.4 毫克,镁 32 毫克,铁 0.9 毫克,锌 0.96 毫克,碘 6.5 毫克,硒 37.69 毫克,"," 一般人群均可食用。适宜各类【水肿、肝炎、肾炎、脚气】脚弱之人食用；,适宜【脾胃虚弱,气血不足,营养不良】之人食用；适宜【高脂血症,高胆固醇血症,动脉硬化】者食用。", 【脾胃蕴热】者不宜食用；【瘙痒性皮肤病、内热、荨麻疹、癣病】者应忌食。, 健脾养脾 补气益气 祛湿 祛风 消除水肿 
 银耳,"蛋白质 10 克,脂肪 1.4 克,碳水化合物 67.3 克,膳食纤维 30.4 克,烟酸 5.3 毫克,胡萝卜素 50 微克,维生素A 8 微克,维生素E 1.26 毫克,钙 36 毫克,磷 369 毫克,钾 1588 毫克,钠 82.1 毫克,镁 54 毫克,铁 4.1 毫克,锌 3.03 毫克,硒 2.95 毫克,", 一般人群均可食用。尤适宜【慢性支气管炎、肺原性心脏病、阴火虚旺】患者。, 【外感风寒、糖尿病】患者慎食。, 肝脏解毒 清热健胃 美容祛斑 减肥 
 蛤蜊,"蛋白质 10.1 克,脂肪 1.1 克,碳水化合物 2.8 克,烟酸 1.5 毫克,维生素A 21 微克,维生素E 2.41 毫克,胆固醇 156 毫克,钙 133 毫克,磷 128 毫克,钾 140 毫克,钠 425.7 毫克,镁 78 毫克,铁 10.9 毫克,锌 2.38 毫克,硒 54.31 毫克,"," 一般人群均可食用。尤适宜【高胆固醇、高血脂体质、肺结核咳嗽咯血,阴虚盗汗、体质虚弱、营养不良】者,【瘿瘤瘰疬,淋巴结肿大,甲状腺肿大】者,【癌症患者、放疗、化疗后】者,【糖尿病,红斑狼疮,干燥综合症】患者,【黄疸,尿路感染】者,【醉酒】之人。"," 【脾胃虚寒,腹泻、寒性胃痛腹痛】者,女子【月经来潮期间、妇人产后,受凉感冒】者忌食。", 健脾养脾 养胃健胃 祛湿 清热 
 干贝,"蛋白质 55.6 克,脂肪 2.1 克,碳水化合物 5.1 克,维生素A 11 微克,维生素E 1.53 毫克,胆固醇 348 毫克,钙 77 毫克,磷 504 毫克,钾 969 毫克,钠 306 毫克,镁 106 毫克,铁 5.6 毫克,锌 5 毫克,硒 76.3 毫克,"," 一般人群均可食用。适宜【脾胃虚弱、气血不足、营养不良、久病体虚、五脏亏损、脾肾阳虚、老年夜尿频、高脂血症、动脉硬化、冠心病、食欲不振、消化不良、各种痛症】患者,【放疗化疗后、糖尿病,虹斑性狼疮,干燥综合征】等【阴虚体质】者食用。", 【儿童、痛风】患者忌食。, 软化血管 降血压 降胆固醇 
 带鱼,"蛋白质 17.7 克,脂肪 4.9 克,碳水化合物 3.1 克,烟酸 2.8 毫克,维生素A 29 微克,维生素E 0.82 毫克,胆固醇 76 毫克,钙 28 毫克,磷 191 毫克,钾 280 毫克,钠 150.1 毫克,镁 43 毫克,铁 1.2 毫克,锌 0.7 毫克,碘 5.5 毫克,硒 36.57 毫克,"," 一般人群均可食用。适宜【久病体虚,血虚头晕,气短乏力,食少赢瘦,营养不良、皮肤干燥】之人食用。", 患有【疥疮、湿疹、皮肤过敏、癌症患者、红斑性狼疮、痈疖疗毒、淋巴结核、支气管哮喘】者亦忌。, 防癌抗癌 提高智力 预防心血管疾病 
 三文鱼,"蛋白质 22.3 克,热量 133 千卡,脂肪 4.1 克,烟酸 8.8 毫克,维生素A 63 微克,维生素C 1 毫克,维生素E 2.3 毫克,胆固醇 54 毫克,钙 15 毫克,磷 260 毫克,钾 390 毫克,钠 53 毫克,镁 36 毫克,锌 1.8 毫克,硒 17.2 毫克,", 一般人群均可食用。适宜【心血管疾病、贫血、感冒】患者。, 【过敏体质、痛风、高血压】患者慎食。【孕妇】忌食生三文鱼。, 预防老年痴呆 防慢性病 健脾健胃 消水肿 
 银鱼,"蛋白质 17.2 克,脂肪 4 克,维生素E 1.86 毫克,胆固醇 361 毫克,钙 46 毫克,磷 22 毫克,钾 246 毫克,钠 8.6 毫克,镁 25 毫克,铁 0.9 毫克,硒 9.54 毫克,"," 一般人群均可食用,【阴虚、肺部不适】患者易食用。", 【皮肤病】患者忌食。, 润肺止咳 增强免疫力 
 鳝鱼,"蛋白质 18 克,热量 89 千卡,脂肪 1.4 克,碳水化合物 1.2 克,", 一般人群均可食用。尤适宜【糖尿病、贫血、子宫下垂、内痔出血】患者。, 【瘙痒性皮肤病、红斑狼疮、肠胃不适】者忌食。, 增强记忆力 保护视力 
 武昌鱼,"蛋白质 20.8 克,热量 229 千卡,脂肪 15.8 克,碳水化合物 0.9 克,磷 195 毫克,", 一般人群均可食用。尤适宜【贫血、营养不良、体虚、食欲不振】者。, 【慢性痢疾】患者忌食。, 开胃健脾 预防动脉硬化 
 福寿鱼,"蛋白质 18.4 克,热量 98 千卡,脂肪 1.5 克,碳水化合物 2.8 克,烟酸 3.3 毫克,胡萝卜素 1.3 微克,维生素E 1.91 毫克,胆固醇 78 毫克,钙 12 毫克,磷 161 毫克,钾 289 毫克,钠 19.8 毫克,镁 36 毫克,铁 0.9 毫克,锌 0.87 毫克,碘 22.6 毫克,", 一般人群均可食用。尤适宜【老年人、儿童】。, 【肝硬化】患者忌食。, 降血脂 减肥 有助发育 
 黄鱼,"蛋白质 17.7 克,热量 97 千卡,脂肪 2.5 克,碳水化合物 0.8 克,烟酸 1.9 毫克,维生素A 10 微克,维生素E 1.13 毫克,胆固醇 86 毫克,钙 53 毫克,磷 174 毫克,钾 260 毫克,钠 120.3 毫克,镁 39 毫克,铁 0.7 毫克,锌 0.58 毫克,硒 42.57 毫克,", 【贫血、失眠、头晕、食欲不振、妇女产后体虚】者尤为适宜。," 黄鱼是发物,【哮喘病人】和【过敏体质】的人应慎食。", 健脾益气 开胃消食 
 黑木耳,"蛋白质 12.1 克,热量 205 千卡,脂肪 1.5 克,碳水化合物 65.6 克,烟酸 2.5 毫克,胡萝卜素 100 微克,维生素A 17 微克,维生素E 11.34 毫克,钙 247 毫克,磷 292 毫克,钾 757 毫克,钠 48.5 毫克,镁 152 毫克,铁 97.4 毫克,锌 3.18 毫克,硒 3.72 毫克,锰 8.86 毫克,"," 一般人群均可食用。尤适宜【心脑血管疾病、结石症】患者食用,特别适合【缺铁】的人士、矿工、冶金工人、纺织工、理发师食用。", 有【出血性疾病、腹泻、孕妇】慎食。, 补气血 减肥 防癌 治便秘 清肠胃 
 紫菜,"蛋白质 28.2 克,热量 7 千卡,脂肪 3.9 克,碳水化合物 16.9 克,膳食纤维 27.3 克,烟酸 7.3 毫克,胡萝卜素 2420 微克,维生素A 403 微克,维生素C 2 毫克,维生素E 1.82 毫克,胆固醇 216 毫克,钙 422 毫克,磷 350 毫克,钾 1640 毫克,钠 365.6 毫克,镁 105 毫克,铁 46.8 毫克,锌 2.3 毫克,硒 7.22 毫克,铜 1.68 毫克,", 般人均宜食用。尤其适宜【甲状腺肿大、水肿、慢性支气管炎、咳嗽、瘿瘤、淋病、脚气、高血压、肺病初期、心血管病、各类肿块、增生】者。, 不宜多食；【消化功能不好、素体脾虚】者少食；【腹痛便溏、乳腺小叶增生、肿瘤、脾胃虚寒】患者忌食。, 预防甲状腺肿大 促进生长发育 预防肿瘤 提高免疫力力 
 虾,"蛋白质 18.6 克,脂肪 0.8 克,碳水化合物 2.8 克,烟酸 1.7 毫克,维生素A 15 微克,维生素E 0.62 毫克,胆固醇 193 毫克,钙 62 毫克,磷 228 毫克,钾 215 毫克,钠 165.2 毫克,镁 46 毫克,铁 1.5 毫克,锌 2.38 毫克,硒 33.72 毫克,", 一般人群均可食用。【中老年人、孕妇、心血管病】患者更适合食用。," 【宿疾】、正值【上火】之时不宜食虾；患【过敏性鼻炎、支气管炎、反复发作性过敏性皮炎的老年人】不宜吃虾；虾为动风发物,患有【皮肤疥癣】者忌食。", 助消化 通乳 预防高血压 
 鲇鱼,"蛋白质 17.3 克,热量 103 千卡,脂肪 3.7 克,烟酸 2.5 毫克,胡萝卜素 1.1 微克,维生素E 0.54 毫克,胆固醇 163 毫克,钙 42 毫克,磷 195 毫克,钾 351 毫克,钠 49.6 毫克,镁 22 毫克,铁 2.1 毫克,锌 0.53 毫克,硒 27.49 毫克,", 一般人群均可食用。【老、幼、产后妇女、消化功能不佳】的人最为适用；适宜【体质虚弱、营养不良、乳汁不足、小便不利、水气浮肿】者食用。, 鲶鱼为发物、【痼疾、疮疡】患者慎食。, 催乳 去水肿 滋补养颜 
 鳜鱼,"蛋白质 19.9 克,热量 117 千卡,脂肪 4.2 克,烟酸 5.9 毫克,胡萝卜素 1.5 微克,维生素A 12 微克,维生素E 0.87 毫克,胆固醇 124 毫克,钙 63 毫克,磷 217 毫克,钾 295 毫克,钠 68.6 毫克,镁 32 毫克,铁 1 毫克,锌 1.07 毫克,碘 26.5 毫克,"," 一般人群均可食用。尤适宜【体质虚弱,虚劳赢瘦,脾胃气虚、饮食不香,营养不良】之人,【老幼、妇女、脾胃虚弱】者。"," 有【哮喘、咯血】的病人,【寒湿】盛者不宜食用。", 补气血 益脾健胃 
 鲤鱼,"蛋白质 17.6 克,脂肪 4.1 克,烟酸 2.7 毫克,维生素A 25 微克,维生素E 1.27 毫克,胆固醇 84 毫克,钙 50 毫克,磷 204 毫克,钾 334 毫克,钠 53.7 毫克,镁 33 毫克,铁 1 毫克,锌 2.08 毫克,碘 4.7 毫克,硒 15.38 毫克,"," 一般人群均可食用,适宜【肾炎水肿、黄疽肝炎、肝硬化腹水、心脏性水肿、营养不良性水肿、脚气浮肿、咳喘、妇女妊娠水肿、胎动不安、产后乳汁不足】之人食用。"," 凡患有【恶性肿瘤、淋巴结核、红斑性狼疮、支气管哮喘、小儿痄腮、血栓闭塞性脉管炎、痈疽疗疮、荨麻疹、皮肤湿疹】等疾病之人均忌食；同时鲤鱼是发物,【素体阳亢、疮疡】者慎食。", 消水肿 通乳汁 明目 补脾健胃 清热解毒 止嗽下气 
 草鱼,"蛋白质 16.6 克,脂肪 5.2 克,烟酸 2.8 毫克,维生素A 11 微克,维生素E 2.03 毫克,叶酸 15.5 微克,胆固醇 86 毫克,钙 38 毫克,磷 203 毫克,钾 312 毫克,钠 46 毫克,镁 31 毫克,铁 0.8 毫克,锌 0.87 毫克,硒 6.66 毫克,"," 一般人群均可食用。【冠心病、高血脂、发育不良】者,【水肿、肺结核、乳汁不足】等患者适宜食用。（草鱼不宜大量食用,吃得太多,容易诱发各种【疮疥】。）", 【动脉硬化】患者忌食。, 开胃 滋补 养颜 抗衰老 
 海带,"蛋白质 1.2 克,热量 12 千卡,碳水化合物 2.1 克,烟酸 1.3 毫克,维生素E 1.85 毫克,钙 46 毫克,磷 22 毫克,钾 246 毫克,钠 8.6 毫克,镁 25 毫克,铁 0.9 毫克,碘 113.9 毫克,硒 9.54 毫克,"," 一般人群均可食用。尤适宜【缺碘,甲状腺肿大,高血压,高血脂,冠心病,糖尿病,动脉硬化,骨质疏松,营养不良性贫血,头发稀疏,肝硬化腹水,神经衰弱】者。"," 【甲状腺功能亢进,怀孕,胃寒,肠胃炎】患者忌食。", 利尿消肿 防治富贵病 御寒 抗癌防癌 治疗甲状腺低下 减少放射性疾病 
 虾皮,"蛋白质 30.7 克,脂肪 2.2 克,碳水化合物 2.5 克,烟酸 3.1 毫克,维生素A 19 微克,维生素E 0.92 毫克,胆固醇 428 毫克,钙 991 毫克,磷 582 毫克,钾 617 毫克,钠 5057.7 毫克,镁 265 毫克,铁 6.7 毫克,锌 1.93 毫克,碘 264.5 毫克,硒 74.43 毫克,铜 1.08 毫克,锰 0.82 毫克,", 一般人群均可食用。尤适宜【中老年人、孕妇、心血管病患者、肾虚阳痿、男性不育症、腰脚无力】之人。, 宿疾者、正值【上火】之时；患【过敏性鼻炎、支气管炎、反复发作性过敏性皮炎】的老年人；患有【皮肤疥癣】者忌食。, 预防妊娠高血压 保护心血管 缓解神经衰弱 增强体质 
 鳕鱼,"蛋白质 20.4 克,烟酸 2.7 毫克,维生素A 14 微克,胆固醇 114 毫克,钙 42 毫克,磷 232 毫克,钾 321 毫克,钠 130.3 毫克,镁 84 毫克,锌 0.86 毫克,硒 24.8 毫克,", 一般人群均可食用。尤为适宜【夜盲症、干眼症、心血管疾病、骨质疏松症】患者, 【痛风、尿酸过高】患者忌食。, 活血祛瘀 补血止血 治脚气 
 鲢鱼,"蛋白质 17.8 克,脂肪 3.6 克,烟酸 2.5 毫克,维生素A 20 微克,维生素E 1.23 毫克,叶酸 27.4 微克,胆固醇 99 毫克,钙 53 毫克,磷 190 毫克,钾 277 毫克,钠 57.5 毫克,镁 23 毫克,铁 1.4 毫克,锌 1.17 毫克,硒 15.68 毫克,", 一般人群均可食用。, 【脾胃蕴热】者不宜食用；【瘙痒性皮肤病、内热、荨麻疹、癣病】者应忌食。, 预防心脑血管疾病 预防癌症 促进脑部发育 美容护肤 缓解胃部不适 
 鲈鱼,"蛋白质 18.6 克,脂肪 3.4 克,烟酸 3.1 毫克,维生素A 19 微克,维生素E 0.75 毫克,胆固醇 86 毫克,钙 138 毫克,磷 242 毫克,钾 205 毫克,钠 144.1 毫克,镁 37 毫克,铁 2 毫克,锌 2.83 毫克,硒 33.06 毫克,"," 一般人群均可食用。尤其适宜【贫血、头晕、水肿】患者,【胎动不安】孕妇。", 【皮肤病、长肿疮】的人忌食。, 益肾安胎 补肝益脾 保护神经系统 
 鲫鱼,"蛋白质 17.1 克,热量 108 千卡,脂肪 2.7 克,碳水化合物 3.8 克,烟酸 2.5 毫克,维生素A 17 微克,维生素E 0.68 毫克,胆固醇 130 毫克,钙 79 毫克,磷 193 毫克,钾 290 毫克,钠 41.2 毫克,镁 41 毫克,铁 1.3 毫克,锌 1.94 毫克,硒 14.31 毫克,", 【慢性肾炎水肿、肝硬化腹水、营养不良性浮肿、孕妇产、脾胃虚弱、小儿麻疹初期、痔疮出血、慢性久痢】者食用。, 【感冒发热】者不宜多吃。, 对抗疾病 通乳汁 明目益智 美容抗皱 
 鹿肉,"蛋白质 19.7 克,脂肪 1.3 克,叶酸 18.8 微克,", 一般人群均可食用。尤适宜【新婚夫妇、肾气日衰的老人、手脚冰凉、肾阳虚者、头昏耳鸣、腰脊疼痛、阳痿、羸弱虚瘦、血脉不活、容颜欠佳】的患者。, 有【外伤、阴虚阳亢、有热】者忌食；【炎热季节】忌食。, 补气益气 提高免疫力力 
 牛肚,"蛋白质 14.5 克,脂肪 1.6 克,烟酸 2.5 毫克,维生素A 2 微克,维生素E 0.51 毫克,胆固醇 104 毫克,钙 40 毫克,磷 104 毫克,钾 162 毫克,钠 60.6 毫克,镁 17 毫克,铁 1.8 毫克,锌 2.31 毫克,硒 9.07 毫克,", 一般人群均可食用。尤适宜【病后虚羸、气血不足、营养不良、脾胃虚弱】之人。, 【痰热燥气、消化不良】者慎食牛肚。, 补血养血 补气益气 调理肠胃 提高免疫力力 滋阴补阴 开胃消食 抗衰老 
 牛排,"蛋白质 27.29 克,热量 252 千卡,脂肪 15.01 克,膳食纤维 1.87 克,维生素A 6 微克,维生素B1 0.08 毫克,维生素B2 0.26 毫克,维生素B6 0.48 毫克,维生素B12 1.40 毫克,维生素E 10.15 毫克,磷 189 毫克,钾 333 毫克,钠 58 毫克,镁 22 毫克,铁 2.2 毫克,锌 3.80 毫克,硒 9.0 毫克,", 一般人群均可食用。适宜于【生长发育、术后、病后调养】的人、【中气不足、气短体虚、筋骨酸软、贫血久病、面黄目眩】之人食用。," 【感染性疾病、肝病、肾病】的人慎食;黄牛肉为发物,患【疮疥、湿疹、痘痧、瘙痒、高胆固醇、高脂肪、老年人、儿童、消化不良】的人不宜多吃。", 补充蛋白质 补中益气 
 牛蹄筋,"蛋白质 34.1 克,碳水化合物 2.6 克,烟酸 0.7 毫克,钙 5 毫克,磷 150 毫克,钾 23 毫克,钠 153.6 毫克,镁 10 毫克,铁 3.2 毫克,锌 0.81 毫克,硒 1.7 毫克,", 一般人群均可食用。尤适宜于【虚劳羸瘦、腰膝酸软、产后虚冷、腹痛寒疝、中虚反胃】的人。, 凡【外感邪热、内有宿热】者忌食。, 养颜 抗衰老 
 香肠,"蛋白质 24.1 克,脂肪 40.7 克,碳水化合物 11.2 克,烟酸 4.4 毫克,维生素E 1.05 毫克,胆固醇 82 毫克,钙 14 毫克,磷 198 毫克,钾 453 毫克,钠 2309.2 毫克,镁 52 毫克,铁 5.8 毫克,锌 7.61 毫克,硒 8.77 毫克,", 一般人群均可食用。特别是不爱吃饭的人群。, 【儿童、孕妇、老年人、高血脂症】者少食或不食；【肝肾功能不全】者不适合食用。, 提高免疫力力 开胃消食 
 羊肺,"蛋白质 16.2 克,热量 96 千卡,脂肪 2.4 克,碳水化合物 2.5 克,烟酸 1.1 毫克,维生素E 1.43 毫克,胆固醇 319 毫克,钙 12 毫克,磷 172 毫克,钾 139 毫克,钠 146.2 毫克,镁 8 毫克,铁 7.8 毫克,锌 1.81 毫克,硒 9.33 毫克,"," 一般人都可食用羊肺,尤适宜【肺痿咳嗽、消渴、尿频尿不尽】者。", 【外感】未清者忌食羊肺。, 清肺润肺 止咳 消除水肿 
 羊肝,"蛋白质 17.9 克,脂肪 3.6 克,碳水化合物 7.4 克,烟酸 22.1 毫克,维生素A 20972 微克,维生素B2 1.75 毫克,维生素D 23 毫克,维生素E 29.93 毫克,胆固醇 349 毫克,钙 8 毫克,磷 299 毫克,钾 241 毫克,钠 123 毫克,镁 14 毫克,铁 7.5 毫克,锌 3.45 毫克,碘 19.1 毫克,硒 17.68 毫克,铜 4.51 毫克,"," 一般人群均可食用。尤适宜【夜盲症(雀目)、眼干燥症、青盲翳障、小儿疳眼、目暗昏花、热病后弱视】患者；适宜【血虚患者、面色萎黄、妇人产后贫血、肺结核、小儿衰弱、维生素A缺乏】症者。,", 【高胆固醇血症、肝病、高血压】患者忌食。, 养胃健胃 养肾补肾 补阳壮阳 有助发育 
 羊骨,"蛋白质 14.6 克,热量 203 千卡,脂肪 3.9 克,烟酸 5.2 毫克,维生素A 11 微克,维生素C 1 毫克,胆固醇 60 毫克,钙 9 毫克,磷 196 毫克,钾 403 毫克,钠 69.4 毫克,镁 17 毫克,铁 3.9 毫克,锌 6.06 毫克,硒 7.18 毫克,", 一般人群皆可食用羊骨。特别是【营养不良】患者。, 【发烧】者忌食；素体【火盛】者慎服。, 养肾补肾 补阳壮阳 调理肠胃 开胃消食 抗衰老 有助发育 
 羊脑,"蛋白质 11.3 克,热量 142 千卡,脂肪 10.7 克,烟酸 3.5 毫克,胆固醇 2004 毫克,钙 61 毫克,磷 356 毫克,钾 146 毫克,钠 151.8 毫克,镁 15 毫克,锌 1.24 毫克,硒 38.12 毫克,", 一般人均可食用羊脑。特别是【头痛风寒】患者。, 【湿热、痰湿、阴虚体质】者不宜食用羊脑。, 补血养血 调理肠胃 增强记忆力 开胃消食 祛风 祛斑 养颜 抗衰老 
 羊排,"蛋白质 19 克,脂肪 14.1 克,烟酸 4.5 毫克,维生素A 22 微克,胆固醇 92 毫克,钙 6 毫克,磷 146 毫克,钾 232 毫克,钠 80.6 毫克,镁 20 毫克,铁 2.3 毫克,锌 3.22 毫克,硒 32.2 毫克,铜 0.75 毫克,"," 一般人群均可食用,尤其适宜【身体虚寒】者。", 【发热、牙痛、口舌生疮、咳吐黄痰、上火】症状者不宜食用；【肝病、高血压、急性肠炎、其他感染性疾病、发热】期间不宜食用。, 健脾养脾 养胃健胃 养肾补肾 养肝护肝 补气益气 调理肠胃 
 羊蹄筋,"蛋白质 34.3 克,热量 159 千卡,脂肪 2.4 克,烟酸 1.2 毫克,胆固醇 58 毫克,钙 16 毫克,磷 39 毫克,钾 74 毫克,钠 149.7 毫克,镁 5 毫克,铁 3.1 毫克,锌 1.64 毫克,硒 3.56 毫克,", 一般人均可食用羊蹄筋。特别是针对于【老年人】。," 无人群禁忌,一般人均可食用。", 养肾补肾 排毒解毒 清热 提高代谢 抗衰老 有助发育 
 羊蹄肉,"蛋白质 2 克,碳水化合物 3 克,胡萝卜素 3.23 微克,"," 一般人均可食用,,特别是对于【腰膝酸软】者更易食用。"," 无太大禁忌,一般人均可食用。", 补肾益精 治肾虚 
 羊头肉,"蛋白质 22.4 克,热量 193 千卡,脂肪 11 克,碳水化合物 1.2 克,烟酸 1.4 毫克,维生素A 13 微克,维生素E 0.87 毫克,胆固醇 92 毫克,钙 41 毫克,磷 110 毫克,钾 32 毫克,钠 899.4 毫克,镁 11 毫克,铁 5.4 毫克,锌 1.5 毫克,硒 11.18 毫克,"," 一般人群均可食用,特别是【胃寒】患者。"," 无任何人群禁忌,一般人均可食用。", 养胃健胃 养肾补肾 
 羊心,"蛋白质 13.8 克,热量 112 千卡,脂肪 5.5 克,碳水化合物 2 克,烟酸 5.6 毫克,维生素A 16 微克,维生素E 1.75 毫克,胆固醇 104 毫克,钙 10 毫克,磷 172 毫克,钾 200 毫克,钠 100.8 毫克,镁 17 毫克,铁 4 毫克,锌 2.09 毫克,硒 16.7 毫克,", 一般人群均可食用羊心。尤适宜【心悸、失眠、气短、劳心膈痛】者。," 无任何人群禁忌,均可食用。", 补血养血 安神镇定 
 羊腰子,"蛋白质 16.6 克,热量 96 千卡,脂肪 2.8 克,碳水化合物 1 克,烟酸 8.4 毫克,维生素A 126 微克,胆固醇 289 毫克,钙 8 毫克,磷 233 毫克,钾 115 毫克,钠 193.3 毫克,镁 18 毫克,铁 5.8 毫克,锌 2.74 毫克,硒 58.9 毫克,"," 一般人均可食用羊肾,尤适用于【肾虚、阳痿】者食用。,"," 无人群禁忌,一般人均可食用。", 养肾补肾 增强记忆力 
 猪大肠,, 一般人都可食用。尤适宜【大肠病变、痔疮、便血、脱肛、小便频多】者。," 【感冒】期间忌食；因其性寒,凡【脾虚便溏】者亦忌。", 调理肠胃 治疗便秘 消除水肿 
 猪舌,"蛋白质 15.7 克,热量 233 千卡,脂肪 18.1 克,碳水化合物 1.7 克,烟酸 4.6 毫克,维生素A 15 微克,维生素E 0.73 毫克,胆固醇 158 毫克,钙 13 毫克,磷 163 毫克,钾 216 毫克,钠 79.4 毫克,镁 14 毫克,铁 2.8 毫克,锌 2.12 毫克,硒 11.74 毫克,", 一般人群均可食用猪舌。特别是【女性】朋友。," 无人群禁忌,均可食用。", 滋阴补阴 
 猪蹄,"蛋白质 22.6 克,热量 260 千卡,脂肪 18.8 克,烟酸 1.5 毫克,维生素A 3 微克,胆固醇 192 毫克,钙 33 毫克,磷 33 毫克,钾 54 毫克,钠 101 毫克,镁 5 毫克,铁 1.1 毫克,锌 1.14 毫克,硒 5.85 毫克,"," 一般人群均可食用,适宜【血虚、年老体弱、乳汁不足、腰膝酸软、痈疽疮毒、久溃不敛】者食用。", 患有【肝炎、胆囊炎、胆结石、动脉硬化、高血压】病的患者食应以少食或不食为好；凡【外感发热、一切热证、实证】期间不宜多食；胃肠【消化功能不佳、老年人、儿童】每次不可食之过多。, 美容 养颜 催乳 有助发育 
 猪头,"蛋白质 6.0775 克,脂肪 1.225 克,碳水化合物 19.13 克,膳食纤维 3.3225 克,胡萝卜素 39 微克,维生素E 1.1325 毫克,水 54.5375 克,钙 97.225 毫克,磷 144.8 毫克,钾 312.1 毫克,钠 3357.37 毫克,镁 100.6 毫克,铁 5.3075 毫克,锌 1.4175 毫克,锰 1.0445 毫克,", 猪头适宜【阴虚】之人【心烦、咽痛、下利】者食用。, 【肥胖】者不宜多吃猪头。, 健脾养脾 养胃健胃 补气益气 提高免疫力力 增强记忆力 滋阴补阴 开胃消食 抗衰老 
 猪尾,"蛋白质 9.24 克,热量 209.81 千卡,脂肪 16.51 克,碳水化合物 8.09 克,膳食纤维 2.05 克,", 一般人均适合吃猪尾巴。【腰酸背痛、骨质疏松、青少年、中老年人】应该食用猪尾巴。," 人人皆可食用,无太大禁忌。", 健脾养脾 提高免疫力力 开胃消食 美白 养颜 抗衰老 丰胸 
 猪心,"蛋白质 16.6 克,脂肪 5.3 克,碳水化合物 1.1 克,烟酸 6.8 毫克,维生素A 13 微克,维生素C 4 毫克,维生素E 0.74 毫克,胆固醇 151 毫克,钙 12 毫克,磷 189 毫克,钾 260 毫克,钠 71.2 毫克,镁 17 毫克,铁 4.3 毫克,锌 1.9 毫克,硒 14.94 毫克,"," 一般人群皆可食用猪心。猪心适宜【心虚多汗、自汗、惊悸恍惚、怔忡、失眠多梦】之人,【精神分裂症、癫痛、癔病】者食用。,", 【高胆固醇血症】者忌食。, 补血养血 安神 
 猪肘,"蛋白质 16.5 克,热量 248 千卡,脂肪 16 克,碳水化合物 9.4 克,烟酸 6.6 毫克,胡萝卜素 2.6 微克,胆固醇 65 毫克,钙 19 毫克,磷 122 毫克,钾 148 毫克,钠 80 毫克,镁 5 毫克,铁 1.5 毫克,锌 1.54 毫克,硒 7.3 毫克,", 一般人都可食用。特别是【女性】朋友们。, 【湿热痰滞内蕴、肥胖、高血脂】者慎食。, 养胃健胃 提高免疫力力 有助发育 
 羊肚,"蛋白质 12.2 克,脂肪 3.4 克,碳水化合物 1.8 克,烟酸 1.8 毫克,维生素A 23 微克,胆固醇 124 毫克,钙 38 毫克,磷 133 毫克,钾 101 毫克,钠 66 毫克,镁 16 毫克,铁 1.4 毫克,锌 2.61 毫克,硒 9.68 毫克,锰 0.6 毫克,", 一般人群均可食用。尤适宜【体质赢瘦、虚劳衰弱】之人食用；适宜【胃气虚弱、反胃、不食、盗汗、尿频】之人食用。, 【胃炎、消化不良】者不宜多食羊肚。, 健脾养脾 养胃健胃 养肾补肾 调理肠胃 滋阴补阴 
 驴肉,," 一般人均可食用驴肉。【风眩肢挛、积年劳损、短气乏力、倦怠羸瘦,食欲不振、心悸眼差】,久病之后的【气血亏虚、阴血不足、不寐多梦、宫能性子宫出血、出血性紫癜】者更宜。", 【孕妇、慢性肠炎、腹泻、脾胃虚寒】者忌食驴肉。, 健脾养脾 补阳壮阳 补血养血 补气益气 调理肠胃 增强记忆力 滋阴补阴 安神镇定 清肺润肺 开胃消食 抗衰老 
 雀肉,"蛋白质 21.88 克,脂肪 9.57 克,钙 253.6 毫克,磷 281.2 毫克,铁 10.71 毫克,"," 一般人均可食用麻雀蛋,【阳痿、男性】更宜食用。", 【阴虚火旺】者不宜食用麻雀蛋, 养肾补肾 补阳壮阳 明目 
 狗肉,, 一般人群均可食用狗肉。狗肉尤适宜【腰膝冷痛、小便清长、小便频数、浮肿、耳聋、阳痿、脘腹胀满、腹部冷痛】者食用。," 凡患【咳嗽、感冒、发热,大病初愈】的人也不宜食用狗肉。", 提高免疫力力 驱寒 
 乌鸡,"蛋白质 22.3 克,热量 111 千卡,脂肪 2.3 克,烟酸 7.1 毫克,维生素E 1.77 毫克,胆固醇 106 毫克,钙 17 毫克,磷 210 毫克,钾 323 毫克,钠 64 毫克,镁 51 毫克,铁 2.3 毫克,锌 1.6 毫克,硒 7.73 毫克,", 一般人群均可食用。尤适宜【体虚血亏、肝肾不足、脾胃虚弱】的人易食用。, 无不适宜人群。, 延缓衰老 补肝补肾 养血益精 健脾固冲 
 兔肉,, 一般人群均可食用。尤适宜【老人、妇女、肥胖者、肝病、心血管病、糖尿病】患者。, 【孕妇、经期女性、明显阳虚症状的女子、脾胃虚寒者】忌食。, 健脑益智 活血 美容 保健 
 羊肉,, 一般人群均可食用。适宜【体虚胃寒】者。, 【发热、牙痛、口舌生疮、咳吐黄痰、上火症状】者不宜食用；【肝病、高血压、急性肠炎、其他感染性疾病、发热】期间不宜食用。, 补脾补胃 补肝补肾 补血温经 保护胃黏膜 补肝明目 
 猪肚,"蛋白质 15.2 克,热量 110 千卡,脂肪 5.1 克,碳水化合物 0.7 克,烟酸 3.7 毫克,维生素A 3 微克,叶酸 3.8 微克,胆固醇 165 毫克,钙 11 毫克,磷 124 毫克,钾 171 毫克,钠 75.1 毫克,镁 12 毫克,铁 2.4 毫克,锌 1.92 毫克,硒 12.76 毫克,"," 一般人群均可食用。【虚劳瘦弱者、脾胃虚弱,食欲不振,泄泻下痢者、中气不足,气虚下陷,男子遗精,女子带下、体虚、小便颇多者、小儿疳积】者宜食用。", 【高血脂】患者忌食。, 健脾健胃 补气 补虚 
 猪腰,"蛋白质 15.4 克,脂肪 3.2 克,碳水化合物 1.4 克,烟酸 8 毫克,维生素A 41 微克,维生素B2 1.14 毫克,维生素C 13 毫克,胆固醇 354 毫克,钙 12 毫克,磷 215 毫克,钾 217 毫克,钠 134.2 毫克,镁 22 毫克,铁 6.1 毫克,锌 2.56 毫克,硒 111.77 毫克,铜 0.58 毫克,"," 一般人群均可食用。适宜【肾虚之人腰酸腰痛、遗精、盗汗】者食用；适宜【老年人肾虚耳聋、耳鸣】者食用。,", 【血脂偏高、高胆固醇】者忌食。, 养肾 补肾 补阳 壮阳 
 猪血,"蛋白质 12.2 克,碳水化合物 0.9 克,胆固醇 51 毫克,钙 4 毫克,磷 16 毫克,钾 56 毫克,钠 56 毫克,镁 5 毫克,铁 8.7 毫克,硒 7.94 毫克,", 一般人群均可食用。尤适宜【贫血、老人、妇女、从事粉尘、纺织、环卫、采掘等工作】的人；【血虚、头风眩晕、肠道寄生虫病人、腹胀】嘈杂者。, 【高胆固醇血症、肝病、高血压、冠心病】患者慎食；凡有病期间、患有【上消化道出血】阶段忌食。, 健脾养脾 养肝护肝 补血养血 补气益气 调理肠胃 提高免疫力力 
 鹌鹑,"蛋白质 20.2 克,热量 110 千卡,脂肪 3.1 克,烟酸 6.3 毫克,维生素A 40 微克,胆固醇 157 毫克,钙 48 毫克,磷 179 毫克,钾 204 毫克,钠 48.4 毫克,镁 20 毫克,铁 2.3 毫克,锌 1.19 毫克,硒 11.67 毫克,"," 一般人群均可食用。适宜【婴幼儿、孕产妇、老人、病人、身体虚弱、体质虚弱,营养不良,气血不足、肺气虚弱、支气管哮喘、肺结核、神经衰弱、胃气不足、胃病、心血管病】患者易食。", 【脑血管病】人不宜多食。, 治疾病 健脑 防过敏 防失眠 
 鸽肉,, 特别适合【肾虚体弱、心神不宁、儿童成长、体力透支】者食用乳鸽。, 【怀孕中期、发烧、燥热】的人不宜吃乳鸽, 补血养血 补气益气 排毒解毒 
 鸭肉,," 一般人群均可食用。适宜【癌症患者、放疗化疗、糖尿病,肝硬化腹水,肺结核,慢性肾炎浮肿】者食用。"," 【素体虚寒】,受凉引起的不思饮食,【胃部冷痛、大便溏泄、腰痛、寒性痛经、肥胖、动脉硬化、慢性肠炎】应少食；【感冒】患者不宜食用。", 益气补虚 滋阴 
 牛肉,"蛋白质 17.8 克,脂肪 2 克,烟酸 4.1 毫克,维生素A 3 微克,胆固醇 122 毫克,钙 6 毫克,磷 150 毫克,钾 270 毫克,钠 48.6 毫克,镁 17 毫克,铁 2.2 毫克,锌 1.77 毫克,硒 6.26 毫克,", 一般人群均可食用。适宜于【生长发育、术后、病后调养】的人、【中气不足、气短体虚、筋骨酸软、贫血、面黄目眩】之人食用。, 【感染性疾病、肝病、肾病、疮疥湿疹、痘痧、瘙痒、高胆固醇、高脂肪、老年人、儿童、消化力弱】的人不宜多吃。, 长肌肉 提高免疫力力 补铁补血 抗衰老 
 鸡肉,, 一般人群均可食用。【老人、病人、体质虚弱】者更宜食用。, 【口腔溃疡、皮肤疖肿、大便燥结、感冒发热、内火偏旺、痰湿偏重、肥胖症、热毒疖肿、高血压、胆囊炎、胆石症、动脉硬化、冠心病、高血脂】、服用铁制剂时不宜食用、【尿毒症】患者应禁食。, 强身健体 提高免疫力力 补肾精 促进智力发育 
 猪骨,," 一般人群均可食用。更适宜【中老年人、青少年】。,"," 【感冒发热】期间忌食,【急性肠道炎】感染者忌食；【骨折初期】(1～2周)不宜饮用排骨汤,中期可少量进食,后期饮用可达到很好的食疗效果。", 补脾 润肠 生津 补中益气 养血 健骨 
 猪肉,"蛋白质 14.6 克,脂肪 30.8 克,碳水化合物 1.1 克,烟酸 2.8 毫克,维生素A 16 微克,维生素C 1 毫克,维生素E 0.95 毫克,胆固醇 69 毫克,钙 11 毫克,磷 130 毫克,钾 162 毫克,钠 57.5 毫克,镁 12 毫克,铁 2.4 毫克,锌 0.84 毫克,硒 2.94 毫克,", 一般人都可食用。适宜【阴虚不足、头晕、贫血、老人燥咳无痰、大便燥结、营养不良】者食用。, 【湿热痰滞、外感病人】忌食；【肥胖、高血脂、高血压】者慎食。, 补充蛋白质 脂肪酸 补肾滋阴 润燥 
 猪肝,"蛋白质 19.3 克,热量 129 千卡,脂肪 3.5 克,碳水化合物 5 克,烟酸 15 毫克,维生素A 4972 微克,维生素C 20 毫克,维生素E 0.86 毫克,叶酸 425.1 微克,胆固醇 288 毫克,钙 6 毫克,磷 310 毫克,钾 235 毫克,钠 68.6 毫克,镁 24 毫克,铁 22.6 毫克,锌 5.78 毫克,硒 19.21 毫克,铜 0.65 毫克,", 一般人群均可食用。更适宜【气血虚弱、面色萎黄、缺铁性贫血、视力模糊、夜盲、眼干燥症、小儿麻疹病后角膜软化症、内外翳障】等【眼病】者食用。, 【高胆固醇、肝病】患者忌食。, 明目 补血 排毒 提高免疫力 
 海棠果,"热量 73 千卡,碳水化合物 17.4 克,膳食纤维 1.8 克,维生素A 118 微克,维生素C 20 毫克,钙 15 毫克,磷 16 毫克,钾 263 毫克,钠 0.6 毫克,镁 13 毫克,", 一般人群皆可食用海棠果。特别是【脾胃虚弱】的人群。, 【肥胖】患者尽量少食海棠果。, 健脾养脾 养胃健胃 调理肠胃 提高免疫力力 滋阴补阴 开胃消食 降血脂 美白 抗衰老 有助发育 
 白兰瓜,"蛋白质 0.6 克,热量 21 千卡,碳水化合物 4.5 克,膳食纤维 0.8 克,烟酸 0.6 毫克,胡萝卜素 0.8 微克,维生素A 7 微克,维生素C 14 毫克,钙 24 毫克,磷 13 毫克,铁 0.9 毫克,", 一般人群均可食用白兰瓜。【胃部不适】患者更易食用。, 一般人群均可食用白兰瓜。, 健脾养脾 调理肠胃 滋阴补阴 安神镇定 消暑解暑 开胃消食 抗衰老 
 菠萝蜜,"蛋白质 4.9 克,热量 160 千卡,碳水化合物 36.7 克,膳食纤维 2.3 克,维生素C 16 毫克,钙 18 毫克,磷 68 毫克,钾 400 毫克,钠 11.5 毫克,镁 27 毫克,铁 1.6 毫克,锌 0.54 毫克,硒 10.47 毫克,", 一般人群均可食用菠萝蜜。【孕妇】更易食用。, 【瘀血体质、过敏体质、上火】, 补气益气 止咳 消除水肿 
 菠萝,, 一般人群均可食用菠萝。特别适宜身热烦躁者、肾炎、高血压、支气管炎、消化不良者。," 患有【溃疡病、肾脏病、凝血功能障碍】的人应禁食菠萝,【发烧、湿疹疥疮】的人也不宜多吃菠萝。", 健脾养脾 养胃健胃 补血养血 增强记忆力 祛湿 开胃消食 止泻 消除水肿 
 刺梨,"蛋白质 0.7 克,热量 55 千卡,碳水化合物 16.9 克,膳食纤维 4.1 克,胡萝卜素 2900 微克,维生素A 483 微克,维生素C 2585 毫克,维生素D 2800 毫克,维生素E 3 毫克,钙 68 毫克,磷 13 毫克,铁 2.9 毫克,", 一般人群均可食用刺梨。特别是想【减肥】的人群。, 【脾胃虚寒、慢性腹泻者】勿食刺梨。, 养胃健胃 提高免疫力力 排毒解毒 开胃消食 祛斑 养颜 
 番石榴,"蛋白质 1.1 克,碳水化合物 14.2 克,膳食纤维 5.9 克,维生素C 68 毫克,钙 13 毫克,磷 16 毫克,钾 235 毫克,钠 3.3 毫克,镁 10 毫克,硒 1.62 毫克,"," 一般人群均可食用,特别适合生长发育期的【儿童、高血压、糖尿病、肥胖症、肠胃不佳】者。", 有【便秘、内热】的人不宜多吃。, 止泻 消炎止血 
 黑枣,"蛋白质 3.7 克,热量 228 千卡,碳水化合物 52.2 克,膳食纤维 9.2 克,烟酸 1.1 毫克,胡萝卜素 1.8 微克,维生素C 6 毫克,维生素E 1.24 毫克,钙 42 毫克,磷 66 毫克,钾 498 毫克,钠 1.2 毫克,镁 46 毫克,铁 3.7 毫克,锌 1.71 毫克,铜 0.97 毫克,", 一般人群适宜食用黑枣。特别是【便秘】患者。, 【脾胃虚弱】者应少食黑枣。, 提高免疫力力 开胃消食 
 金橘,"蛋白质 1 克,热量 55 千卡,碳水化合物 13.7 克,膳食纤维 1.4 克,胡萝卜素 370 微克,维生素A 62 微克,维生素C 35 毫克,维生素E 1.58 毫克,钙 56 毫克,磷 20 毫克,钾 144 毫克,钠 3 毫克,镁 20 毫克,铁 1 毫克,硒 0.62 毫克,"," 一般人群均可食用。尤适宜【胸闷郁结、食欲不振、伤食饱满、醉酒】口渴者,【急慢性气管炎、肝炎、胆囊炎、高血压、血管硬化】者。", 【糖尿病、口舌碎痛、牙龈肿痛】者忌食；【脾弱气虚】者慎食。, 美容护肤 开胃生津 防感冒 消食醒酒 预防慢性病 
 蓝莓,"蛋白质 0.74 克,碳水化合物 12.9 克,膳食纤维 3.3 克,胡萝卜素 55 微克,维生素A 9 微克,维生素C 9 毫克,维生素E 1.7 毫克,钙 8 毫克,磷 9 毫克,钾 70 毫克,钠 1 毫克,镁 5 毫克,", 一般人群均可食用蓝莓。特别是【视力下降】的【儿童】。, 【肾脏、胆囊】未治愈的患者少食。, 养肝护肝 补血养血 调理肠胃 增强记忆力 防癌抗癌 滋阴补阴 开胃消食 降血糖 明目 抗衰老 
 荔枝,"蛋白质 0.9 克,碳水化合物 16.6 克,烟酸 1.1 毫克,胡萝卜素 10 微克,维生素A 2 微克,维生素C 41 毫克,钙 2 毫克,磷 24 毫克,钾 151 毫克,钠 1.7 毫克,镁 12 毫克,", 一般人群均可食用。尤其适合【产妇、老人、体质虚弱者、病后调养者】；【贫血、胃寒、口臭】者。," 【糖尿病,阴虚火旺、上火】症状的人,阴虚所致的【咽喉干疼、牙龈肿痛、鼻出血】等症者忌食。", 健脾养脾 养肝护肝 补血养血 补气益气 安神镇定 
 蔓越莓,"热量 46 千卡,碳水化合物 12.2 克,膳食纤维 4.6 克,维生素C 13.3 毫克,钾 85 毫克,"," 蔓越莓适合【泌尿感染】的女性,患有【胃肠道溃疡】的人群。需要预防【心血管老化】的人群也适宜食用蔓越莓。", 【脾胃虚弱】者少食。, 增强记忆力 滋阴补阴 抚平橘皮纹 燃烧脂肪 养颜 抗衰老 
 葡萄干,"蛋白质 2.5 克,碳水化合物 83.4 克,膳食纤维 1.6 克,维生素C 5 毫克,钙 52 毫克,磷 90 毫克,钾 995 毫克,钠 19.1 毫克,镁 45 毫克,铁 9.1 毫克,硒 2.74 毫克,", 一般人群均可食用。尤适宜【儿童、孕妇、贫血患者、神经衰弱、过度疲劳、体倦乏力、形体赢瘦、未老先衰、肺虚咳嗽、盗汗、风湿性关节炎、四肢筋骨疼痛、癌症】患者。," 【糖尿病、肥胖】者慎食。【服用安体舒通、氨苯蝶啶、补钾】时,不宜同食【葡萄干】。", 补血养血 补气益气 安神镇定 
 葡萄柚,, 一般人群均可食用葡萄柚。尤适宜【高血压、心血管疾病】者食用葡萄柚。, 【身体虚寒、易腹痛、贫血、多痰】不宜多食葡萄柚。, 开胃消食 提高代谢 美白 养颜 
 无花果干,"蛋白质 1.5 克,碳水化合物 13 克,膳食纤维 3 克,胡萝卜素 30 微克,维生素E 1.82 毫克,水 81.3 克,钙 67 毫克,磷 18 毫克,钾 212 毫克,钠 5.5 毫克,镁 17 毫克,锌 1.42 毫克,硒 0.67 毫克,"," 一般人群均可食用。尤适宜【消化不良、食欲不振、高血脂、高血压、冠心病、动脉硬化、癌症、便秘】者。,", 【脂肪肝、脑血管意外、腹泻、正常血钾性周期性麻痹】患者不适宜食用；【大便溏泄】者不宜生食。, 润肠通便 降血压 润肺 泄泻痢疾 健脾开胃 解毒消肿 
 西番莲,"蛋白质 2.2 克,热量 50 千卡,脂肪 0.7 克,碳水化合物 23.38 克,膳食纤维 10.4 克,烟酸 1.5 毫克,维生素A 64 微克,维生素C 30 毫克,叶酸 14 微克,水 72.93 克,胆碱 7.6 毫克,钙 12 毫克,钾 348 毫克,钠 28 毫克,镁 29 毫克,铁 1.6 毫克,", 一般人群均可食用西番莲(鸡蛋果)。特别是【女性】。, 无任何特殊的饮食禁忌。, 开胃消食 止渴 提高代谢 养颜 抗衰老 
 香梨,"碳水化合物 6.7 克,膳食纤维 6.7 克,维生素C 4.3 毫克,钙 22 毫克,磷 19 毫克,钾 3.7 毫克,镁 8 毫克,铁 1.2 毫克,锌 2.61 毫克,"," 一般人群均可食用。尤适宜【咳嗽痰稠、无痰、咽喉发痒干疼、慢性支气管炎、肺结核患者,高血压、心脏病、肝炎、肝硬化患者、醉酒、宿醉未解】者。", 【慢性肠炎、胃寒病、糖尿病】患者忌食。, 安神镇定 清肺润肺 清热 止咳 止渴 
 杏干,"蛋白质 2.7 克,热量 330 千卡,碳水化合物 78.8 克,膳食纤维 4.4 克,烟酸 1.2 毫克,胡萝卜素 4.9 微克,维生素A 102 微克,钙 147 毫克,磷 89 毫克,钾 783 毫克,钠 40.4 毫克,镁 55 毫克,锌 3.8 毫克,硒 3.33 毫克,铜 7.67 毫克,", 一般人群适宜食用杏干。特别是【便秘】患者。, 【糖尿病】患者应忌食杏干。【儿童、产妇】不宜食用过多的杏干。, 治疗便秘 明目 
 鸭梨,"碳水化合物 11.1 克,膳食纤维 1.1 克,胡萝卜素 10 微克,维生素A 2 微克,维生素C 4 毫克,钙 4 毫克,磷 14 毫克,钾 77 毫克,钠 1.5 毫克,镁 5 毫克,铁 0.9 毫克,"," 一般人群均可食用。【咳嗽痰稠、无痰、咽喉发痒干疼者,慢性支气管炎、肺结核患者,高血压、心脏病、肝炎、肝硬化】患者,【醉酒、宿醉未解】者尤其适合。"," 【慢性肠炎、胃寒病、糖尿病】患者忌食生梨。,", 防癌抗癌 清肺润肺 止咳 
 杨梅,"蛋白质 0.8 克,碳水化合物 6.7 克,膳食纤维 1 克,胡萝卜素 40 微克,维生素A 7 微克,维生素C 9 毫克,维生素E 0.81 毫克,钙 14 毫克,磷 8 毫克,钾 149 毫克,钠 0.7 毫克,镁 10 毫克,铁 1 毫克,锰 0.72 毫克,", 一般人群均可食用。尤适宜【湿热、体质虚寒、痢疾腹痛、下痢不止】者。, 【溃疡】患者慎食；【血糖过高】人群忌食。, 防癌抗癌 降血脂 减肥 
 椰蓉,"蛋白质 5.3 克,脂肪 69.08 克,碳水化合物 21.52 克,维生素C 1.5 毫克,钙 26 毫克,钠 37 毫克,铁 3.36 毫克,"," 一般人均可食用,对于【护肤】人群更易食用。"," 无禁忌,一般人群均可以食用。", 润燥 增强免疫力 护眼明目 
 椰子,"蛋白质 4 克,脂肪 12.1 克,碳水化合物 31.3 克,膳食纤维 4.7 克,维生素C 6 毫克,钙 2 毫克,磷 90 毫克,钾 475 毫克,钠 55.6 毫克,镁 65 毫克,铁 1.8 毫克,锌 0.92 毫克,", 一般人群均可食用。尤适宜【身体虚弱、四肢乏力、容易倦怠】者。, 【支气管炎、体热内盛、经期】忌食。, 补气益气 调理肠胃 提高免疫力力 排毒解毒 消除水肿 养颜 减肥 
 紫葡萄,"蛋白质 0.7 克,热量 43 千卡,碳水化合物 9.3 克,膳食纤维 1 克,维生素A 10 微克,维生素C 3 毫克,钙 10 毫克,磷 10 毫克,钾 151 毫克,钠 1.8 毫克,镁 9 毫克,", 一般人群均可食用紫葡萄。【醉酒、贫血】患者均易食用。, 患有【糖尿病、便秘】者不宜多食紫葡萄。, 补血养血 防癌抗癌 提高代谢 
 山竹,"碳水化合物 18 克,膳食纤维 1.5 克,维生素A 0.55 微克,维生素B1 60.03 毫克,维生素C 1.2 毫克,叶酸 7.4 微克,水 81.2 克,钙 11 毫克,磷 9 毫克,钾 48 毫克,钠 3.8 毫克,镁 19 毫克,碘 1.1 毫克,硒 0.54 毫克,", 一般人都可食用。, 【体质虚寒、肥胖、肾病、心脏病】人慎食；【糖尿病】者忌食。, 滋阴补阴 安神镇定 排毒解毒 清热 养颜 抗衰老 减肥 
 柿饼,"蛋白质 1.8 克,热量 250 千卡,碳水化合物 60.2 克,膳食纤维 2.6 克,胡萝卜素 1.4 微克,维生素A 48 微克,维生素E 0.63 毫克,钙 54 毫克,磷 55 毫克,钾 339 毫克,钠 6.4 毫克,镁 21 毫克,铁 2.7 毫克,硒 0.83 毫克,", 一般人群均可食用柿饼。特别是【食欲不振】患者。, 【脾胃虚寒、痰湿内盛】者忌食柿饼。, 清肺润肺 开胃消食 
 酸枣,"蛋白质 3.5 克,脂肪 1.5 克,碳水化合物 73.3 克,膳食纤维 10.6 克,烟酸 0.9 毫克,维生素C 900 毫克,钙 435 毫克,磷 95 毫克,钾 84 毫克,钠 3.8 毫克,镁 96 毫克,铁 6.6 毫克,锌 0.68 毫克,硒 1.3 毫克,锰 0.86 毫克,"," 一般人群均可食用酸枣,【心脏病】患者尤其适合食用。,", 酸枣无特殊食用禁忌。, 健脾养脾 补气益气 调理肠胃 提高免疫力力 滋阴补阴 开胃消食 燃烧脂肪 
 无花果,"蛋白质 1.5 克,碳水化合物 16 克,膳食纤维 3 克,胡萝卜素 30 微克,维生素A 5 微克,维生素C 2 毫克,维生素E 1.82 毫克,钙 67 毫克,磷 18 毫克,钾 212 毫克,钠 5.5 毫克,镁 17 毫克,锌 1.42 毫克,硒 0.67 毫克,", 一般人群均可食用。【消化不良、食欲不振、高血脂、高血压、冠心病、动脉硬化、癌症、便秘】者适宜食用。, 【脂肪肝、脑血管意外、腹泻者、正常血钾性周期性麻痹】患者不适宜食用；【大便溏泄】者不宜生食。, 健脾养脾 养胃健胃 补血养血 养颜 抗衰老 养发 
 覆盆子,"蛋白质 1.22 克,脂肪 0.65 克,碳水化合物 11.95 克,", 一般人群均可食用。适宜【肝亏虚、阳痿、遗精、不孕不育、小便频繁、视物不清】人群。, 【肾虚火旺、小便短赤、怀孕初期】妇女慎食。, 健脾养脾 养肾补肾 调理肠胃 提高免疫力力 
 榛子,"蛋白质 12.5 克,热量 617 千卡,脂肪 57.3 克,碳水化合物 25.6 克,膳食纤维 12.9 克,烟酸 2 毫克,钙 114 毫克,磷 290 毫克,钾 680 毫克,镁 163 毫克,铁 5 毫克,锌 2 毫克,硒 4 毫克,锰 6 毫克,", 一般人皆可食用。也是癌症、糖尿病人适合食用的坚果补品。, 胆功能严重不良者应慎食。, 健脾养脾 养胃健胃 补血养血 补气益气 明目 
 甘蔗,"碳水化合物 16 克,膳食纤维 0.6 克,胡萝卜素 20 微克,维生素A 3 微克,维生素C 2 毫克,维生素E 2.12 毫克,钙 14 毫克,磷 14 毫克,钾 95 毫克,钠 3 毫克,镁 4 毫克,铁 9 毫克,锌 1 毫克,", 一般人群均可以食用甘蔗。特别是【便秘】患者。, 【糖尿病】患者忌食。【脾胃虚寒、胃腹寒疼】者不宜食用。, 健脾养脾 补血养血 补气益气 调理肠胃 增强记忆力 滋阴补阴 消暑解暑 排毒解毒 开胃消食 清热 止渴 养颜 抗衰老 
 橄榄,"蛋白质 0.8 克,热量 49 千卡,碳水化合物 11.1 克,膳食纤维 4 克,烟酸 0.7 毫克,胡萝卜素 0.8 微克,维生素A 22 微克,维生素C 3 毫克,钙 49 毫克,磷 18 毫克,钾 23 毫克,镁 10 毫克,"," 橄榄性平,一般人士均可食用。"," 橄榄性平,诸无禁忌。", 消暑解暑 清热 解酒 
 榴莲,"蛋白质 2.6 克,脂肪 3.3 克,碳水化合物 28.3 克,膳食纤维 1.7 克,烟酸 1.19 毫克,维生素A 3 微克,维生素C 2.8 毫克,维生素E 2.28 毫克,叶酸 116.9 微克,水 64.5 克,钙 4 毫克,磷 38 毫克,钾 261 毫克,钠 2.9 毫克,镁 27 毫克,碘 5.6 毫克,硒 3.26 毫克,", 一般人群均可食。尤适宜【病后、妇女产后】。, 【糖尿病、高胆固醇血症】患者忌食；【肾病、心脏病】人慎食；【喉痛、咳嗽、感冒、阴虚体质、气管敏感】者不宜多食。, 健脾养脾 补阳壮阳 养肾补肾 调理肠胃 增强记忆力 滋阴补阴 开胃消食 抗衰老 
 杏仁,"蛋白质 21.3 克,脂肪 50.6 克,碳水化合物 23.9 克,膳食纤维 11.8 克,烟酸 3.9 毫克,维生素B2 0.81 毫克,钙 248 毫克,磷 474 毫克,钾 728 毫克,钠 1 毫克,镁 275 毫克,铁 4.3 毫克,锌 3.36 毫克,碘 8.4 毫克,硒 4.4 毫克,铜 1.11 毫克,锰 2.54 毫克,", 一般人群均可食用。尤适宜有【呼吸系统】问题的人、【癌症】患者以及【术后、放化疗】的人。," 【婴儿】慎服,【阴虚咳嗽、泄痢便溏】者禁服。,", 润肺 降低胆固醇 抗肿瘤 减肥 促进皮肤血液循环 
 西瓜,"蛋白质 0.6 克,碳水化合物 5.8 克,胡萝卜素 450 微克,维生素A 75 微克,维生素C 6 毫克,钙 8 毫克,磷 9 毫克,钾 87 毫克,钠 3.2 毫克,镁 8 毫克,", 一般人群均可食用。尤适宜【高血压患者、急慢性肾炎患者、胆囊炎患者、高热不退】者。," 【糖尿病】患者慎食；【脾胃虚寒,湿盛便溏】者忌食。", 降热解暑 降血压 通便 抗衰老 润肤 
 荸荠,"蛋白质 1.2 克,碳水化合物 14.2 克,膳食纤维 1.1 克,烟酸 0.7 毫克,胡萝卜素 20 微克,维生素A 3 微克,维生素C 7 毫克,维生素E 0.65 毫克,钙 4 毫克,磷 44 毫克,钾 306 毫克,钠 15.7 毫克,镁 12 毫克,铁 0.6 毫克,硒 0.7 毫克,", 一般人群均可食用。尤适宜【发热病人、麻疹、流行性脑膜炎】患者。," 荸荠性寒,【脾胃虚寒、血瘀】者慎食。", 降血压 整肠通便 消热解毒 降压防病 促进生长发育 
 松子,"蛋白质 12.9 克,热量 530 千卡,脂肪 40.4 克,碳水化合物 40.3 克,膳食纤维 11.6 克,烟酸 4 毫克,胡萝卜素 3 微克,维生素A 2 微克,维生素E 32.79 毫克,钙 78 毫克,磷 569 毫克,钾 502 毫克,钠 10.1 毫克,镁 116 毫克,铁 4.3 毫克,锌 4.61 毫克,硒 0.74 毫克,铜 0.95 毫克,锰 6.01 毫克,", 一般人群均可食用。适宜【中老年、体质虚弱、大便干结、慢性支气管炎、久咳无痰】之人食用；适宜【心脑血管疾病】之人食用。," 【便溏、精滑、咳嗽痰多、腹泻者】忌用；因含油脂丰富,所以【胆功能严重不良者】应慎食。", 抗衰老 健脾 通便 健脑补脑 滋阴润肺 
 葵花子,"蛋白质 19.1 克,热量 606 千卡,脂肪 53.4 克,碳水化合物 12.2 克,膳食纤维 4.5 克,烟酸 4.5 毫克,胡萝卜素 3 微克,维生素E 79.09 毫克,钙 115 毫克,磷 604 毫克,钾 547 毫克,镁 287 毫克,铁 2.9 毫克,硒 5.78 毫克,铜 0.56 毫克,锰 1.07 毫克,", 一般人群均可食用。【高血压、神经衰弱】患者易食用。, 【肝炎】患者忌食。, 补血养血 补气益气 调理肠胃 提高免疫力力 增强记忆力 滋阴补阴 开胃消食 降血压 提高代谢 抗衰老 降低胆固醇 
 桂圆,"蛋白质 1.2 克,碳水化合物 16.6 克,烟酸 1.3 毫克,胡萝卜素 20 微克,维生素A 3 微克,维生素C 43 毫克,钙 6 毫克,磷 30 毫克,钾 248 毫克,钠 3.9 毫克,镁 10 毫克,硒 0.83 毫克,", 一般人群均可食用。尤适宜【体质虚弱的老年人、记忆力低下者、头晕失眠者、妇女】食用。, 【上火、发炎】症状者、【怀孕】忌食。, 健脑安神 预防子宫肌瘤 恢复体力 益气血 健脾健胃 养肌肉 
 桑葚,"蛋白质 1.7 克,碳水化合物 13.8 克,膳食纤维 4.1 克,胡萝卜素 30 微克,维生素A 5 微克,维生素E 9.87 毫克,钙 37 毫克,磷 33 毫克,钾 32 毫克,钠 2 毫克,硒 5.65 毫克,"," 一般人群均可食用,【脑出血、高血压、视网膜出血、慢性支气管炎】患者宜食用。", 【糖尿病】患者忌食。, 健脾 助消化 乌发美容 预防血管硬化 防癌抗癌 明目 抗衰老 
 杨桃,"蛋白质 0.6 克,碳水化合物 7.4 克,膳食纤维 1.2 克,烟酸 0.7 毫克,胡萝卜素 20 微克,维生素A 3 微克,维生素C 7 毫克,钙 4 毫克,磷 18 毫克,钾 128 毫克,钠 1.4 毫克,镁 10 毫克,硒 0.83 毫克,"," 一般人群均可食用。于久患【疟疾,脾脏肿大】患者亦可食用。", 【脾胃湿寒】忌食。, 补充营养 利小便 解酒毒 生津止渴 消食 清热利咽 
 橘子,"蛋白质 0.7 克,热量 51 千卡,碳水化合物 11.9 克,维生素C 28 毫克,维生素E 0.92 毫克,钾 154 毫克,", 一般人群均可食用。【胃痛、久咳不止、咳嗽有痰】患者易食用。," 多食易“上火”,从而促发口腔炎,牙周炎等症；【肠胃功能不佳】者多吃易发生胃粪石的困扰；【风寒咳嗽、痰饮咳嗽】者不宜食用。", 健脾养脾 补气益气 调理肠胃 提高免疫力力 滋阴补阴 开胃消食 抗衰老 
 芝麻,"蛋白质 19.1 克,热量 517 千卡,脂肪 46.1 克,碳水化合物 24 克,膳食纤维 14 克,烟酸 5.9 毫克,维生素B1 0.66 毫克,维生素E 49 毫克,钙 780 毫克,磷 516 毫克,钾 358 毫克,钠 8.3 毫克,镁 290 毫克,铁 22.7 毫克,锌 6.13 毫克,硒 4.7 毫克,铜 1.77 毫克,锰 17.8 毫克,"," 一般人群均可食用。尤适宜【肝肾不足】所致的【眩晕、眼花、视物不清、腰酸腿软、耳鸣耳聋、发枯发落、头发早白】之人,妇女【产后乳汁不足】者,【身体虚弱、贫血、高脂血症、高血压病、老年哮喘、肺结核、荨麻疹、习惯性便秘】者。", 患有【慢性肠炎、大便溏泄】者忌食。, 补肝补肾 益精血 润肠燥 防皮肤炎 养血护肤 滋补养生 通便 延年益寿 促进骨骼发育 预防高血压 护发 
 南瓜子,"蛋白质 26.6 克,热量 597 千卡,脂肪 52.8 克,碳水化合物 12.9 克,膳食纤维 4.9 克,烟酸 1.8 毫克,胡萝卜素 4.6 微克,维生素E 13.25 毫克,钙 16 毫克,磷 1159 毫克,钾 102 毫克,钠 20.6 毫克,镁 2 毫克,铁 1.5 毫克,锌 2.57 毫克,硒 2.78 毫克,铜 1.11 毫克,锰 0.64 毫克,"," 一般人群均可食用。尤适宜卫生条件较差地区人群、【蛔虫病,蛲虫病,绦虫病,钩虫病、血吸虫病、手足浮肿、乳汁不足、糖尿病、前列腺肥大】患者。", 【胃热】病人慎食。, 防前列腺疾 缓解心绞痛 补脾益气 下乳汁 润肺燥 驱虫 
 板栗,"蛋白质 4.8 克,脂肪 1.5 克,碳水化合物 42.2 克,膳食纤维 1.2 克,烟酸 1.2 毫克,胡萝卜素 240 微克,维生素A 40 微克,维生素C 36 毫克,钙 15 毫克,磷 91 毫克,铁 1.7 毫克,"," 一般人群均可食用。适宜【老人肾虚】者食用,对【中老年人腰酸腰痛,腿脚无力,小便频多】者尤宜；适宜【老年气管炎咳喘,内寒泄泻】者食用。", 【脾胃虚寒、消化不良】者忌食；【糖尿病】人忌食。, 抗衰老 健脾 强健骨骼 
 花生,"蛋白质 24.8 克,热量 563 千卡,脂肪 44.3 克,碳水化合物 21.7 克,膳食纤维 5.5 克,胡萝卜素 30 微克,维生素A 5 微克,维生素C 2 毫克,维生素E 18.09 毫克,水 6.9 克,生物素 34 微克,胆碱 992 毫克,钙 39 毫克,磷 324 毫克,钾 587 毫克,钠 3.6 毫克,镁 178 毫克,铁 2.1 毫克,锌 2.5 毫克,碘 2.7 毫克,硒 3.94 毫克,铜 0.95 毫克,锰 1.25 毫克,", 一般人群均适合食用花生。特别是【女性】朋友。, 【便秘、胃部不适】患者不宜食用过多花生。, 补血养血 调理肠胃 提高免疫力力 增强记忆力 滋阴补阴 开胃消食 提高代谢 抗衰老 降低胆固醇 助发育 
 核桃,"蛋白质 15.2 克,热量 654 千卡,脂肪 65.6 克,碳水化合物 0.8 克,膳食纤维 11.6 克,烟酸 1 毫克,维生素A 10 微克,钙 25 毫克,磷 280 毫克,钾 540 毫克,钠 4 毫克,镁 131 毫克,铁 2.2 毫克,锌 2.05 毫克,硒 4.62 毫克,铜 1.17 毫克,", 一般人群均可食用。适宜【肾虚、肺虚、神经衰弱、气血不足、癌症】患者多食；尤其适合【脑力劳动者、青少年】。, 【腹泻、阴虚火旺】者；【痰热咳嗽、便溏腹泻、内热盛、痰湿重】者均不宜服用。, 补大脑 美容 消炎杀菌 护心脏 护发 
 山楂,"脂肪 0.6 克,碳水化合物 22 克,", 一般人群均食用。适宜【消化不良】人群、【心血管疾病、癌症、肠炎】患者。, 【孕妇、儿童、胃酸过多、病后体虚、牙病】者不宜食用。, 降血脂 开胃 活血化瘀 治腹泻 抗衰老 
 腰果,"蛋白质 17.3 克,碳水化合物 41.6 克,膳食纤维 3.6 克,烟酸 1.3 毫克,胡萝卜素 49 微克,维生素A 8 微克,维生素E 3.17 毫克,钙 26 毫克,磷 395 毫克,钾 503 毫克,钠 251.3 毫克,镁 153 毫克,铁 4.8 毫克,锌 4.3 毫克,硒 34 毫克,铜 1.43 毫克,锰 1.8 毫克,"," 一般人群均可食用,【老人、女人】宜食用。", 严重【胆功能不良、肠炎、腹泻】患者和【痰多】患者忌食；【肥胖】的人慎食；【过敏体质】的人慎食。, 保护心血管 抗衰老 增强抵抗力 消除疲劳 通乳汁 
 石榴,"蛋白质 1.4 克,碳水化合物 18.7 克,膳食纤维 4.8 克,维生素C 9 毫克,维生素E 4.91 毫克,钙 9 毫克,磷 71 毫克,钾 231 毫克,钠 0.9 毫克,镁 16 毫克,", 一般人群均可食用。适宜【口干舌燥、腹泻、扁桃体发炎】者。, 不适宜【便秘、尿道炎、糖尿病、实热积滞】患者。, 强身健体 驱虫 止血 明目 
 火龙果,"蛋白质 1.1 克,碳水化合物 13.3 克,膳食纤维 2 克,叶酸 28.1 微克,"," 一般人群均可食用,【肠道不通、女人】宜多食。", 【糖尿病】人少食；【女性体质虚冷】者不宜多食。, 抗衰老 保护胃黏膜 美白护肤 促消化 排毒 
 香瓜,"碳水化合物 6.2 克,", 一般人群均可食用。尤适宜夏季【烦热口渴、口鼻生疮、中暑】者。," 【出血、体虚者,脾胃虚寒、腹胀便溏】者忌食。", 清热 解暑 止渴 
 柠檬,"蛋白质 1.1 克,脂肪 1.2 克,碳水化合物 6.2 克,膳食纤维 1.3 克,烟酸 0.6 毫克,维生素C 22 毫克,维生素E 1.14 毫克,钙 101 毫克,磷 22 毫克,钾 209 毫克,钠 1.1 毫克,镁 37 毫克,铁 0.8 毫克,锌 0.65 毫克,"," 一般人群均可食用。尤适宜【暑热口干、消化不良】者,【维生素C缺乏、胎动】不安的【孕妇】,【肾结石、高血压、心肌梗塞】者。"," 【胃溃疡、胃酸过多】,患有【龋齿、糖尿病】患者慎食。,", 生津 解暑 开胃 清热化痰 抗菌消炎 美容 止吐 预防心血管疾病 
 枇杷,"蛋白质 0.8 克,碳水化合物 9.3 克,膳食纤维 0.8 克,维生素C 8 毫克,钙 17 毫克,磷 8 毫克,钾 122 毫克,钠 4 毫克,镁 10 毫克,铁 1.1 毫克,硒 0.72 毫克,"," 一般人群均可食用,尤适宜【肺痿咳嗽、胸闷多痰、劳伤吐血、坏血病】患者。", 【脾虚泄泻】者、【糖尿病】患者忌食。, 促进消化 润肺止咳 预防感冒 防止呕吐 减肥 
 葡萄,"碳水化合物 10.3 克,胡萝卜素 50 微克,维生素A 8 微克,维生素C 25 毫克,维生素E 0.7 毫克,钙 5 毫克,磷 13 毫克,钾 104 毫克,钠 1.3 毫克,镁 8 毫克,", 一般人群均可食用。, 【糖尿病】慎食。, 缓解低血糖 预防血栓 抗衰老 健脾健胃 解乏 
 樱桃,"蛋白质 1.1 克,碳水化合物 10.2 克,烟酸 0.6 毫克,胡萝卜素 210 微克,维生素A 35 微克,维生素C 10 毫克,维生素E 2.22 毫克,钙 11 毫克,磷 27 毫克,钾 232 毫克,钠 8 毫克,镁 12 毫克,", 一般人群均可食用。尤适宜【消化不良、瘫痪、风湿腰腿痛、体质虚弱、面无血色】者。," 【热性病、虚热咳嗽、糖尿病】者忌食；有【溃疡、上火,肾病】患者慎食。", 补血 防麻疹 祛风胜湿 杀虫 养颜驻容 止痛 
 桃子,"蛋白质 0.9 克,碳水化合物 10.5 克,膳食纤维 0.8 克,烟酸 0.8 毫克,胡萝卜素 10 微克,维生素A 2 微克,维生素C 10 毫克,钙 12 毫克,磷 18 毫克,钾 144 毫克,钠 1.8 毫克,镁 8 毫克,", 一般人群均可食用。, 【糖尿病】人不宜多吃。, 补益气血 养阴生津 补气益血 缓解水肿 活血润肠 降血压 
 草莓,"蛋白质 1 克,碳水化合物 7.1 克,膳食纤维 1.1 克,胡萝卜素 30 微克,维生素A 5 微克,维生素C 47 毫克,维生素E 0.71 毫克,钙 18 毫克,磷 27 毫克,钾 131 毫克,钠 4.2 毫克,镁 12 毫克,铁 1.8 毫克,硒 0.7 毫克,"," 一般人群均可食用。尤适宜【风热咳嗽、咽喉肿痛、声音嘶哑】者,【暑热口干、腹泻如水、癌症】特别是【鼻咽癌、肺癌、扁桃体癌、喉癌】患者。", 【痰湿内盛、大便溏泄、尿路结石】病人不宜多食。, 明目 滋补调理 降血脂 防癌 保健 减肥 助消化 排毒 
 柿子,"蛋白质 0.7 克,碳水化合物 17.1 克,膳食纤维 1.4 克,维生素A 20 微克,维生素C 30 毫克,维生素E 1.12 毫克,叶酸 18 微克,钙 9 毫克,磷 23 毫克,钾 151 毫克,镁 19 毫克,", 一般人群均可食用。适宜【大便燥结、高血压、甲状腺疾病、长期饮酒】者。, 【糖尿病】人、【脾胃泄泻、便溏、体弱多病、产后、外感风寒】者忌食；患有【慢性胃炎、排空延缓、消化不良】等【胃动力不足】者、【胃大部切除术后】慎食。, 止血凉血 润肺化痰 生津止渴 活血降压 解酒 
 橙子,"蛋白质 0.8 克,热量 47 千卡,碳水化合物 10.5 克,膳食纤维 0.6 克,维生素A 27 微克,维生素C 33 毫克,维生素E 0.56 毫克,钙 20 毫克,磷 22 毫克,钾 159 毫克,钠 1.2 毫克,镁 14 毫克,", 一般人群均可食用。尤适宜【胸膈满闷、恶心欲吐者、饮酒过量、宿醉未解】者。, 【糖尿病】患者忌食。, 消食 去油腻 清肠 防癌 预防胆结石 缓压 止咳 防感冒 
 猕猴桃,"蛋白质 0.8 克,脂肪 0.6 克,碳水化合物 14.5 克,膳食纤维 2.6 克,胡萝卜素 130 微克,维生素A 22 微克,维生素C 62 毫克,维生素E 2.43 毫克,叶酸 36 微克,钙 27 毫克,磷 26 毫克,钾 144 毫克,钠 10 毫克,镁 12 毫克,铁 1.2 毫克,锌 0.57 毫克,铜 1.87 毫克,锰 0.73 毫克,", 一般人群均可食用。尤适宜【便秘、癌症、高血压、冠心病、心血管疾病、食欲不振、消化不良】患者、航空、高原、矿井等特种工作人员。, 【脾虚便溏、风寒感冒、疟疾、寒湿痢、慢性胃炎、痛经、闭经、小儿腹泻】者不宜。, 降低胆固醇 促消化 降血脂 防癌抑肿瘤 增强体质 
 梨,"碳水化合物 13.3 克,膳食纤维 3.1 克,胡萝卜素 33 微克,维生素A 6 微克,维生素C 6 毫克,维生素E 1.34 毫克,钙 9 毫克,磷 14 毫克,钾 92 毫克,钠 2.1 毫克,镁 8 毫克,碘 0.7 毫克,硒 1.14 毫克,铜 0.62 毫克,"," 一般人群均可食用。尤适宜【咳嗽痰稠、无痰、咽喉发痒干疼、慢性支气管炎、肺结核患者、高血压、心脏病、肝炎、肝硬化】患者,【宿醉未解】者。", 【慢性肠炎、胃寒病、糖尿病】患者忌食生梨。, 降血压 清肺止咳 开胃护肝 防癌抗癌 利尿通便 
 木瓜,"碳水化合物 7 克,膳食纤维 0.8 克,胡萝卜素 870 微克,维生素A 145 微克,维生素C 43 毫克,钙 17 毫克,磷 12 毫克,钾 18 毫克,钠 28 毫克,镁 9 毫克,硒 1.8 毫克,", 一般人群均可食用。适宜【慢性萎缩性胃炎】患者、【缺奶产妇、风湿筋骨痛、跌打扭挫伤】患者、【消化不良、肥胖】患者。, 【孕妇、过敏体质】慎食。, 健脾消食 抗疫杀虫 通乳抗癌 补充营养 提高抗病能力 抗痉挛 
 红枣,"蛋白质 3.2 克,碳水化合物 67.8 克,膳食纤维 6.2 克,烟酸 0.9 毫克,胡萝卜素 10 微克,维生素A 2 微克,维生素C 14 毫克,维生素E 3.04 毫克,叶酸 140 微克,钙 64 毫克,磷 51 毫克,钾 524 毫克,钠 6.2 毫克,镁 36 毫克,铁 2.3 毫克,锌 0.65 毫克,硒 1.02 毫克,", 一般人群均可食用。尤适宜【心血管疾病、癌症】患者。, 【肝炎】患者忌食。, 健脾益胃 补气养血 养血安神 缓和药性 
 柚子,"蛋白质 0.8 克,热量 41 千卡,碳水化合物 9.5 克,胡萝卜素 10 微克,维生素A 2 微克,维生素C 23 毫克,钙 4 毫克,磷 24 毫克,钾 119 毫克,钠 3 毫克,镁 4 毫克,硒 0.7 毫克,"," 一般人群皆可食用,尤其适宜【咳嗽、痰多气喘、慢性支气管炎、消化不良、饮酒过量】者。"," 柚子性寒,【气虚体弱】者不宜食用；【腹部寒冷、常患腹泻】者宜少食。", 降血脂 降血糖 促进消化 提高免疫力力 改善夜盲症 
 李子,"蛋白质 0.7 克,热量 36 千卡,碳水化合物 8.7 克,膳食纤维 0.9 克,胡萝卜素 150 微克,维生素A 25 微克,维生素C 5 毫克,维生素E 0.74 毫克,钙 8 毫克,磷 11 毫克,钾 144 毫克,钠 3.8 毫克,镁 10 毫克,铁 0.6 毫克,"," 一般人群皆能食用,尤其适宜【发热、口渴】、教师、演员【音哑、失音】者,【肝病腹水、慢性肝炎、肝硬化】者以及【慢性肝炎】者尤益食用。,", 【溃疡病、急慢性胃肠炎】患者忌服；【脾虚痰湿、小儿】不宜多吃。, 清热生津 活血解毒 泻肝涤热 利水消肿 
 哈密瓜,"热量 34 千卡,碳水化合物 7.7 克,维生素A 153 微克,维生素C 12 毫克,钙 4 毫克,磷 19 毫克,钾 190 毫克,钠 26.7 毫克,镁 19 毫克,硒 1.1 毫克,"," 一般人皆可食用,适宜于【贫血、便秘、胃病、咳嗽痰喘、肾病】等患者。"," 哈密瓜性凉,不宜多吃,而患有【脚气病、黄疸、腹胀、产后、病后、糖尿病】患者不宜多食。", 清热解暑 止渴除烦 治疗感冒 预防冠心病 
 苹果,"碳水化合物 13.5 克,膳食纤维 1.2 克,胡萝卜素 20 微克,维生素A 3 微克,维生素C 4 毫克,维生素E 2.12 毫克,钙 4 毫克,磷 12 毫克,钾 119 毫克,钠 1.6 毫克,镁 4 毫克,铁 0.6 毫克,"," 一般人都可食用,尤其【便秘、腹泻、前列腺、脾胃虚弱】患者、【高血压、癌症、贫血】患者食用更佳。", 【溃疡性结肠炎、白细胞减少症、前列腺肥大者、冠心病、糖尿病、肾病、心肌梗塞、胃寒】等病者慎吃。, 降血压 降胆固醇 消食化积 美容养颜 减肥 防癌抗癌 
 香蕉,"蛋白质 1.4 克,热量 91 千卡,碳水化合物 22 克,膳食纤维 1.2 克,烟酸 0.7 毫克,胡萝卜素 60 微克,维生素A 10 微克,维生素C 8 毫克,钙 7 毫克,磷 28 毫克,钾 256 毫克,钠 0.8 毫克,镁 43 毫克,碘 2.5 毫克,硒 0.87 毫克,锰 0.65 毫克,"," 一般人群均可食用。尤适宜【口干烦躁、咽干喉痛、大便干燥、痔疮、大便带血、上消化道溃疡、饮酒过量宿醉未解】者,【高血压、冠心病、动脉硬化】者。", 【脾胃虚寒、便溏腹泻】者慎食；【急慢性肾炎、肾功能不全】者忌食。, 清热 通便 解酒 降血压 抗癌 
 小白菜,"蛋白质 1.5 克,碳水化合物 2.7 克,膳食纤维 1.1 克,烟酸 0.7 毫克,胡萝卜素 1680 微克,维生素A 280 微克,维生素C 28 毫克,维生素E 0.7 毫克,叶酸 57.2 微克,钙 90 毫克,磷 36 毫克,钾 178 毫克,钠 73.5 毫克,镁 18 毫克,铁 1.9 毫克,锌 0.51 毫克,碘 10 毫克,硒 1.17 毫克,"," 一般人群均可食用。尤其适宜于【肺热咳嗽,便秘,丹毒,漆疮,疮疖、缺钙】者食用。"," 【脾胃虚寒,大便溏泄】者慎食。", 增强机体免疫能力 防癌抗癌 
 榨菜,"蛋白质 2.2 克,热量 28 千卡,碳水化合物 6.5 克,膳食纤维 2.1 克,胡萝卜素 490 微克,维生素A 82 微克,维生素C 2 毫克,钙 155 毫克,磷 41 毫克,钾 363 毫克,钠 4252.6 毫克,镁 54 毫克,铁 3.9 毫克,锌 0.63 毫克,硒 1.93 毫克,", 一般人均可食用榨菜。特别是食欲不振患者。," 【糖尿病,呼吸系统疾病,慢性腹泻】者不宜食用榨菜。【孕妇】也要尽量少吃榨菜。", 健脾养脾 养胃健胃 开胃消食 减肥 
 油麦菜,"蛋白质 1.1 克,碳水化合物 2.1 克,膳食纤维 2.1 克,烟酸 0.56 毫克,维生素A 125 微克,维生素C 2 毫克,叶酸 77.9 微克,水 95.9 克,钙 60 毫克,磷 26 毫克,钾 164 毫克,钠 32 毫克,镁 23 毫克,", 般人群均可食用油麦菜。特别是【高胆固醇】患者。, 【胃炎、泌尿系统疾病、身体虚寒、尿频、胃寒】的人慎食。, 减肥 有助发育 
 韭菜籽,"蛋白质 2 克,脂肪 0.6 克,碳水化合物 3 克,胡萝卜素 3 微克,维生素B 10 毫克,维生素C 39 毫克,钙 45 毫克,磷 45 毫克,铁 1.5 毫克,"," 一般人均可食用,特别是【阳痿、遗精】患者。"," 无禁忌,一般人群均可食用。", 温补肝补肾 壮阳固精 助阳防早泄 暖腰膝 
 香菜,"蛋白质 1.8 克,碳水化合物 6.2 克,膳食纤维 1.2 克,烟酸 2.2 毫克,胡萝卜素 1160 微克,维生素A 193 微克,维生素C 48 毫克,维生素E 0.8 毫克,钙 101 毫克,磷 49 毫克,钾 272 毫克,钠 48.5 毫克,镁 33 毫克,铁 2.9 毫克,碘 1.5 毫克,硒 0.53 毫克,", 一般人群均可食用。尤适宜患【风寒外感者、脱肛、食欲不振者、小儿麻疹】者。, 患【口臭、狐臭、严重龋齿、胃溃疡、生疮】者慎食；【麻疹已透】及虽未透出而【热毒壅滞】者忌食。, 开胃消食 驱寒 
 辣椒,"蛋白质 2 克,热量 21 千卡,脂肪 0.6 克,碳水化合物 2.6 克,膳食纤维 41.7 克,烟酸 0.8 毫克,维生素A 192 微克,维生素C 5 毫克,维生素E 1.66 毫克,钙 31 毫克,磷 22 毫克,钾 197 毫克,钠 246.9 毫克,镁 12 毫克,", 一般人群均可食用辣椒。【胃肠胀气、消化不良】患者更易食用。, 【甲亢、肾炎、慢性气管炎、高血压、胃及十二指肠溃疡、急性胃炎、肺结核、痔疮、眼部疾病】患者忌食。, 养胃健胃 补血养血 补气益气 调理肠胃 增强记忆力 防癌抗癌 降血脂 降血糖 消脂吸脂 抗衰老 
 大葱,"蛋白质 1.7 克,碳水化合物 6.5 克,膳食纤维 1.3 克,胡萝卜素 60 微克,维生素A 10 微克,维生素C 17 毫克,叶酸 11.5 微克,水 91.8 克,钙 29 毫克,磷 38 毫克,钾 144 毫克,钠 4.8 毫克,镁 19 毫克,铁 0.7 毫克,硒 0.67 毫克,", 一般人群均可食用。【脑力劳动者】更适宜。（过多食用葱会损伤视力。）," 【眼疾患者、胃肠道疾病特别是溃疡病】的人,【表虚、多汗】者忌食。有【腋臭】的人在夏季应慎食。", 防癌抗癌 排毒解毒 驱寒 
 魔芋,"碳水化合物 3.3 克,膳食纤维 3 克,烟酸 6 毫克,维生素A 15 微克,钙 68 毫克,磷 7 毫克,钾 44 毫克,钠 2 毫克,镁 26 毫克,铁 0.6 毫克,锌 3 毫克,硒 1.85 毫克,", 一般人群均可食用。尤其是【糖尿病、肥胖】患者的理想食品。, 有【皮肤病】的病的人慎食。, 减肥 防动脉硬化 治心脑血管疾病 降低胆固醇 提高免疫力力 防肿瘤 抗癌 
 莼菜,"蛋白质 1.2 克,热量 23 千卡,碳水化合物 5.9 克,膳食纤维 1.9 克,胡萝卜素 30 微克,维生素A 5 微克,维生素C 5 毫克,维生素E 0.99 毫克,钙 4 毫克,磷 36 毫克,钾 209 毫克,钠 5.8 毫克,镁 8 毫克,"," 一般人群均可食用,特别适合【老人、儿童、消化力弱】的人食用莼菜。", 【脾胃虚寒】的人不宜多食莼菜；妇女【月经期、产妇】应少食莼菜。, 养肝护肝 增强记忆力 排毒解毒 清热 
 生菜,"蛋白质 1.3 克,碳水化合物 2 克,膳食纤维 0.7 克,胡萝卜素 1790 微克,维生素A 298 微克,维生素C 13 毫克,维生素E 1.02 毫克,叶酸 31.6 微克,水 96.7 克,钙 34 毫克,磷 27 毫克,钾 170 毫克,钠 32.8 毫克,镁 18 毫克,铁 0.9 毫克,硒 1.15 毫克,", 一般人群均可食用。尤适宜【失眠、胆固醇高、神经衰弱】的人。, 【尿频、胃寒】的人慎食。, 消脂减肥 镇痛催眠 驱寒利尿 抑制病毒 
 西葫芦,"蛋白质 0.8 克,碳水化合物 3.8 克,膳食纤维 0.6 克,胡萝卜素 30 微克,维生素A 5 微克,维生素C 6 毫克,钙 15 毫克,磷 17 毫克,钾 92 毫克,钠 5 毫克,镁 9 毫克,", 一般人群均可食用。尤适宜【糖尿病、水肿腹胀】患者。, 【脾胃虚寒】的人慎食。, 防癌 抗癌 养颜 减肥 
 苦瓜,"蛋白质 1 克,碳水化合物 4.9 克,膳食纤维 1.4 克,胡萝卜素 100 微克,维生素A 17 微克,维生素C 56 毫克,维生素E 0.85 毫克,钙 14 毫克,磷 35 毫克,钾 256 毫克,钠 2.5 毫克,镁 18 毫克,铁 0.7 毫克,", 一般人群均可食用。【糖尿病、癌症】患者适宜。, 【孕妇、脾胃虚寒】者慎食。, 清热益气 保护机体 抗癌 降血糖 降血脂 美容护肤 
 豇豆,"蛋白质 2.7 克,碳水化合物 5.8 克,膳食纤维 1.8 克,烟酸 0.8 毫克,胡萝卜素 120 微克,维生素A 20 微克,维生素C 18 毫克,维生素E 0.65 毫克,叶酸 75.4 微克,水 90.1 克,钙 42 毫克,磷 50 毫克,钾 145 毫克,钠 4.6 毫克,镁 43 毫克,铁 1 毫克,锌 0.94 毫克,硒 1.4 毫克,", 一般人群均可食用。尤适宜【糖尿病、肾虚、尿频、遗精、妇科功能性疾病】患者。, 气滞便结者慎食。, 补气益气 调理肠胃 安神镇定 消暑解暑 降血脂 降血压 
 马齿苋,"蛋白质 2.3 克,碳水化合物 3.9 克,膳食纤维 0.7 克,烟酸 0.7 毫克,胡萝卜素 2230 微克,维生素A 372 微克,维生素C 23 毫克,钙 85 毫克,磷 56 毫克,铁 1.5 毫克,"," 一般人群均可食用。尤适宜【肠胃道感染者、皮肤粗糙干燥、维生素A缺乏症、角膜软化症,眼干燥症,夜盲症者,小儿单纯性腹泻、小儿百日咳者、钩虫病患者、妇女赤白带下、孕妇临产、矽肺】患者。"," 凡【脾胃索虚,腹泻便溏】之人忌食；【孕妇】尤其是有【习惯性流产】的孕妇忌食。", 利水 消肿 降血压 消毒 杀菌消炎 治溃疡 治心脏病 
 芥蓝,"蛋白质 2.8 克,碳水化合物 2.6 克,膳食纤维 1.6 克,烟酸 1 毫克,胡萝卜素 3450 微克,维生素A 575 微克,维生素C 76 毫克,维生素E 0.96 毫克,叶酸 98.7 微克,钙 128 毫克,磷 50 毫克,钾 104 毫克,钠 50.5 毫克,镁 18 毫克,铁 2 毫克,锌 1.3 毫克,硒 0.88 毫克,锰 0.53 毫克,", 一般人群均可食用。【胆固醇高、心脏病】的患者易食用。, 【阳痿】患者忌食。, 防秋燥 抗癌 预防心脏病 促进胃肠蠕动 
 韭菜,"蛋白质 2.4 克,碳水化合物 4.6 克,膳食纤维 1.4 克,烟酸 0.8 毫克,胡萝卜素 1410 微克,维生素A 235 微克,维生素C 24 毫克,维生素E 0.96 毫克,叶酸 61.2 微克,水 92 克,钙 42 毫克,磷 38 毫克,钾 247 毫克,钠 8.1 毫克,镁 25 毫克,铁 1.6 毫克,硒 1.38 毫克,", 一般人群均可食用。尤适宜【便秘、产后乳汁不足女性、寒性体质】等人群。, 【阴虚火旺、有眼疾、胃肠虚弱】的人不宜多食。, 养胃健胃 养肾补肾 养肝护肝 
 苋菜,"蛋白质 2.8 克,碳水化合物 5 克,膳食纤维 2.2 克,烟酸 0.8 毫克,胡萝卜素 2110 微克,维生素A 352 微克,维生素C 47 毫克,钙 187 毫克,磷 59 毫克,钾 207 毫克,钠 32.4 毫克,镁 119 毫克,铁 5.4 毫克,锌 0.8 毫克,硒 0.52 毫克,锰 0.78 毫克,", 一般人群均可食用。【老年人、小孩】食用效果更佳！, 【阴盛阳虚体质、脾虚便溏、慢性腹泻】者忌食。, 清热解毒 增强体质 防止肌肉痉挛 促进生长发育 
 油菜,"蛋白质 1.8 克,碳水化合物 3.8 克,膳食纤维 1.1 克,烟酸 0.7 毫克,胡萝卜素 620 微克,维生素A 103 微克,维生素C 36 毫克,维生素E 0.88 毫克,叶酸 103.9 微克,水 95.6 克,钙 108 毫克,磷 39 毫克,钾 210 毫克,钠 55.8 毫克,镁 22 毫克,铁 1.2 毫克,硒 0.79 毫克,", 一般人均可食用。【便秘】患者与【老年人】更易食用。, 【目疾患者、小儿麻痹后期、狐臭等慢性病】患者慎食。, 降低血脂 肝脏排毒 防癌抗癌 润肠通便 强骨抗压 散血消肿 
 香菇,"蛋白质 2.2 克,碳水化合物 61.7 克,膳食纤维 3.3 克,烟酸 2 毫克,维生素C 1 毫克,钙 2 毫克,磷 53 毫克,钾 20 毫克,钠 1.4 毫克,镁 11 毫克,锌 0.66 毫克,硒 2.58 毫克,", 一般人群均可食用。更加适合【老年人】。, 【脾胃寒湿、气滞、皮肤骚痒】病患者忌食。, 提高免疫力力 防癌抗癌 开胃消食 降血脂 降血压 抗衰老 
 口蘑,"蛋白质 38.7 克,脂肪 3.3 克,碳水化合物 31.6 克,膳食纤维 17.2 克,烟酸 44.3 毫克,维生素E 8.57 毫克,钙 169 毫克,磷 1655 毫克,钾 3106 毫克,钠 5.2 毫克,镁 167 毫克,铁 19.4 毫克,锌 9.04 毫克,铜 5.88 毫克,锰 5.96 毫克,", 一般人都适合食用。尤其适合【癌症、心血管系统疾病、肥胖、便秘、糖尿病、肝炎、肺结核、软骨病】患者。, 【肾脏疾病】患者忌食。, 提高免疫力力 保护肝脏 美容减肥 防癌 预防骨质疏松 
 鸡腿菇,"蛋白质 26.7 克,脂肪 2 克,碳水化合物 51.8 克,膳食纤维 18.8 克,叶酸 351.8 微克,", 一般人群均可食用。尤适宜【糖尿病、高血脂、低血糖】患者。, 【痛风】患者忌食。, 提高免疫力力 通便 安神除烦 降糖消渴 
 扁豆,"蛋白质 2.7 克,碳水化合物 61.9 克,膳食纤维 2.1 克,烟酸 0.9 毫克,胡萝卜素 0.6 微克,维生素A 25 微克,维生素C 6 毫克,维生素E 1.24 毫克,叶酸 15.6 微克,水 89.5 克,钙 38 毫克,磷 54 毫克,钾 178 毫克,钠 3.8 毫克,镁 34 毫克,铁 1.9 毫克,锌 0.72 毫克,碘 2.2 毫克,硒 0.94 毫克,", 一般人群均可食用。特别适宜【脾虚便溏、食欲不振、慢性久泄、妇女脾虚、带下、小儿疳积(单纯性消化不良)】者食用；适宜夏季【感冒挟湿、急性胃肠炎、消化不良、暑热口渴、心腹疼痛、食欲不振】之人服食；适宜【癌症】病人服食。," 患【寒热病】者,患【冷气、疟者、尿路结石】者忌食。", 健脾养脾 补气益气 消暑解暑 祛湿 清热 
 花菜,"蛋白质 3.2 克,热量 20 千卡,碳水化合物 3 克,膳食纤维 2 克,胡萝卜素 540 微克,维生素A 90 微克,维生素C 65 毫克,维生素E 0.89 毫克,钙 156 毫克,磷 51 毫克,钾 192 毫克,钠 83 毫克,镁 27 毫克,铁 2.8 毫克,锌 0.72 毫克,硒 0.82 毫克,", 花菜对【食欲不振、消化不良、大便燥结】者都有帮助；花菜适宜【生长发育】期的【儿童】、生活在污染环境中肝脏易遭到毒害的以及一切希望抵抗【癌症、肿瘤】染身的人们食用。, 花菜没有特殊禁忌。, 健脾养脾 养胃健胃 养肾补肾 防癌抗癌 助发育 
 黄花菜,"蛋白质 2.5 克,脂肪 0.9 克,碳水化合物 6.8 克,膳食纤维 1.8 克,胡萝卜素 2140 微克,维生素A 357 微克,维生素C 62 毫克,", 一般人群均可食用。尤适宜【孕妇、中老年人、过度劳累】者。, 【皮肤瘙痒症、哮喘病、平素痰多、肠胃病】患者忌食。, 健脑 抗衰老 美容 降血压 治肠道癌瘤 
 芹菜,"蛋白质 0.8 克,碳水化合物 3.9 克,膳食纤维 1.4 克,胡萝卜素 60 微克,维生素A 10 微克,维生素C 12 毫克,维生素E 2.21 毫克,钙 48 毫克,磷 50 毫克,钾 154 毫克,钠 73.8 毫克,镁 10 毫克,铁 0.8 毫克,"," 一般人均可食用芹菜。适宜【高血压及其并发症患者】食用,【血管硬化、神经衰弱】者也宜多吃芹菜。", 【脾胃虚寒、肠滑不固、血压偏低者、婚育期男士】慎食。, 防癌抗癌 安神镇定 降血压 抗衰老 
 茼蒿,"蛋白质 1.9 克,碳水化合物 3.9 克,膳食纤维 1.2 克,烟酸 0.6 毫克,胡萝卜素 1510 微克,维生素A 252 微克,维生素C 18 毫克,维生素E 0.92 毫克,钙 73 毫克,磷 36 毫克,钾 220 毫克,钠 161.3 毫克,镁 20 毫克,铁 2.5 毫克,硒 0.6 毫克,", 一般人群均可食用。尤适宜【高血压患者、脑力劳动人士、贫血者、骨折患者】。, 【胃虚泄泻】者慎食。, 美肤 养心 通肠 健胃 降血压 利小便 
 菠菜,"蛋白质 2.6 克,碳水化合物 4.5 克,膳食纤维 1.7 克,烟酸 0.6 毫克,胡萝卜素 2920 微克,维生素A 487 微克,维生素C 32 毫克,维生素E 1.74 毫克,钙 66 毫克,磷 47 毫克,钾 311 毫克,钠 85.2 毫克,镁 58 毫克,铁 2.9 毫克,锌 0.85 毫克,硒 0.97 毫克,锰 0.66 毫克,"," 一般人群均可食用菠菜,【糖尿病、高血压、贫血、坏血病】者适宜。", 【肾炎、肾结石、胃肠虚寒、腹泻】者忌食。, 补血养血 治便秘 止渴 抗衰老 护心 养心 
 茭白,"蛋白质 1.2 克,碳水化合物 5.9 克,膳食纤维 1.9 克,胡萝卜素 30 微克,维生素A 5 微克,维生素C 5 毫克,维生素E 0.99 毫克,钙 4 毫克,磷 36 毫克,钾 209 毫克,钠 5.8 毫克,镁 8 毫克,", 茭白适宜【高血压、黄胆肝炎】病人、【产后乳汁不足】的妇女、【饮酒过量、酒精中毒】的患者食用。, 患有【心脏病、尿路结石】患者忌食。, 养胃健胃 消暑解暑 治便秘 祛湿 排毒解毒 降血脂 降血压 降血糖 
 菜心,"蛋白质 1.1 克,热量 14 千卡,碳水化合物 2.4 克,烟酸 0.6 毫克,胡萝卜素 30 微克,维生素A 5 微克,维生素C 2 毫克,维生素E 0.86 毫克,钙 48 毫克,磷 38 毫克,钾 104 毫克,钠 43.1 毫克,镁 21 毫克,铁 1.6 毫克,硒 1.27 毫克,"," 一般人群均可食用菜心,菜心各类营养成分含量比较均衡全面,热量较低,适宜【减肥】期间食用菜心。,"," 【麻疹、疥疮、目疾】患者不宜食菜心。【婴儿,幼儿,久病体虚】人群忌食菜心。", 健脾养脾 调理肠胃 消暑解暑 降血脂 降血糖 减肥 降低胆固醇 
 荷兰豆,"蛋白质 2.5 克,碳水化合物 4.9 克,膳食纤维 1.4 克,烟酸 0.7 毫克,胡萝卜素 480 微克,维生素A 80 微克,维生素C 16 毫克,生物素 9 微克,钙 51 毫克,磷 19 毫克,钾 116 毫克,钠 8.8 毫克,镁 16 毫克,铁 0.9 毫克,", 一般人群均可食用。尤适宜【糖尿病】患者、【产后乳汁不通】的妇女。, 【脾胃虚弱、肾功能不全】者忌食。, 防癌抗癌 抗菌消炎 利肠通便 提高免疫力力 
 茶树菇,"蛋白质 23.1 克,脂肪 2.6 克,碳水化合物 56.1 克,膳食纤维 15.4 克,"," 一般人群均可食用,【血压高女性】宜食用。", 所以有【蘑菇过敏】史的人群应特别注意忌食茶树菇。, 改善记忆 降血脂 抗衰老 抗癌防癌 美容养颜 
 金针菇,"蛋白质 2.4 克,碳水化合物 6 克,膳食纤维 2.7 克,烟酸 4.1 毫克,胡萝卜素 30 微克,维生素A 5 微克,维生素C 2 毫克,维生素E 1.14 毫克,磷 97 毫克,钾 195 毫克,钠 4.3 毫克,镁 17 毫克,铁 1.4 毫克,", 一般人群均可食用。适合【气血不足、营养不良的老人、儿童、癌症患者、肝脏病、胃肠道溃疡、心脑血管疾病】患者食用。, 【脾胃虚寒、慢性腹泻、关节炎、红斑狼疮】患者慎食。, 促进智力发育 新陈代谢 降血脂 抗疲劳 防过敏 
 竹笋,"蛋白质 2.6 克,碳水化合物 3.6 克,膳食纤维 1.8 克,烟酸 0.6 毫克,维生素C 5 毫克,钙 9 毫克,磷 64 毫克,钾 389 毫克,镁 1 毫克,锰 1.14 毫克,", 一般人群均可食用。尤适宜【肥胖、习惯性便秘】的人。, 【胃溃疡、胃出血、肾炎、肝硬化、肠炎者、尿路结石者、低钙、骨质疏松、佝偻】病人慎食；【儿童】不宜多食。, 开胃健脾 宽胸利膈 通肠排便 降三高 提高免疫力力 
 冬瓜,"碳水化合物 2.6 克,膳食纤维 0.7 克,胡萝卜素 80 微克,维生素A 13 微克,维生素C 18 毫克,叶酸 9.4 微克,水 96.9 克,钙 19 毫克,磷 12 毫克,钾 78 毫克,钠 1.8 毫克,镁 8 毫克,", 一般人群均可食用。尤适宜【肾病、水肿、脚气病、癌症、糖尿病、冠心病】患者。, 【脾胃虚寒、肾脏虚寒、阳虚肢冷】者慎食。, 减肥降脂 护肾 清热化痰 防癌抗癌 美容润肤 
 空心菜,"蛋白质 2.2 克,碳水化合物 3.6 克,膳食纤维 1.4 克,烟酸 0.8 毫克,胡萝卜素 1520 微克,维生素A 253 微克,维生素C 25 毫克,维生素E 1.09 毫克,叶酸 120 微克,钙 99 毫克,磷 38 毫克,钾 243 毫克,钠 94.3 毫克,镁 29 毫克,铁 2.3 毫克,硒 1.2 毫克,锰 0.67 毫克,", 一般人群均可食用。尤适宜【糖尿病、高血压】患者。, 【脾胃虚寒、低血压】患者慎食。, 防癌 降脂减肥 美容 防暑解热 
 茄子,"蛋白质 1.1 克,碳水化合物 4.9 克,膳食纤维 1.3 克,烟酸 0.6 毫克,胡萝卜素 50 微克,维生素A 8 微克,维生素C 5 毫克,维生素E 1.13 毫克,钙 24 毫克,磷 23 毫克,钾 142 毫克,钠 5.4 毫克,镁 13 毫克,碘 1.1 毫克,", 一般人群均可食用。尤为适宜容易【长痱子、生疮疖】的人。," 茄子性凉,【脾胃虚寒、体弱、便溏、哮喘】者不宜多食；手【术前】不宜吃茄子。", 治胃癌 抗衰老 降低胆固醇 保护心血管 清热解暑 
 黄瓜,"蛋白质 0.8 克,碳水化合物 2.9 克,胡萝卜素 90 微克,维生素A 15 微克,维生素C 9 毫克,钙 24 毫克,磷 24 毫克,钾 102 毫克,钠 4.9 毫克,镁 15 毫克,", 一般人群均可食用。尤适宜【热病、肥胖、高血压、高血脂、水肿、癌症、嗜酒者、糖尿病】患者食用。, 【脾胃虚弱、腹痛腹泻、肺寒咳嗽、肝病、心血管病、肠胃病】患者慎食。, 抗肿瘤 抗衰老 防酒精中毒 降血糖 减肥强体 健脑安神 
 草菇,"蛋白质 2.7 克,碳水化合物 4.3 克,膳食纤维 1.6 克,烟酸 8 毫克,钙 17 毫克,磷 33 毫克,钾 179 毫克,钠 73 毫克,镁 21 毫克,铁 1.3 毫克,锌 0.6 毫克,", 一般人群均可食用。尤适宜【糖尿病】患者。, 【脾胃虚寒】者不宜多食；【寒性哮喘】患者忌食。, 提高免疫力力 解毒 抗癌 消暑 
 莴笋,"蛋白质 1 克,碳水化合物 2.8 克,膳食纤维 0.6 克,胡萝卜素 150 微克,维生素A 25 微克,维生素C 4 毫克,胆碱 586 毫克,钙 23 毫克,磷 48 毫克,钾 212 毫克,钠 36.5 毫克,镁 19 毫克,铁 0.9 毫克,硒 0.54 毫克,", 一般人均可食用。尤适宜【婴幼儿、乳母】。, 【视力弱者、眼疾、夜盲症】患者忌食。, 开通疏利 消积下气 利尿通乳 强壮机体 防癌抗癌 宽肠通便 
 黄豆芽,"蛋白质 4.5 克,脂肪 1.6 克,碳水化合物 4.5 克,膳食纤维 1.5 克,烟酸 0.6 毫克,胡萝卜素 30 微克,维生素A 5 微克,维生素C 8 毫克,维生素E 0.8 毫克,叶酸 30.1 微克,水 89.8 克,钙 21 毫克,磷 74 毫克,钾 160 毫克,钠 7.2 毫克,镁 21 毫克,铁 0.9 毫克,锌 0.54 毫克,硒 0.96 毫克,", 一般人群均可食用。尤适宜【癌症、矽肺、肥胖病、便秘】者。, 【腹泻、脾胃虚寒】者慎食。, 清热利湿 养气补血 美容护发 促进骨骼发育 预防高血压 
 上海青,"蛋白质 6.2 克,热量 286 千卡,脂肪 0.8 克,碳水化合物 72.9 克,膳食纤维 9.4 克,烟酸 4.8 毫克,维生素C 187 毫克,钙 908 毫克,磷 485 毫克,钾 2269 毫克,钠 492.5 毫克,镁 219 毫克,铁 13.8 毫克,锌 4.68 毫克,硒 6.33 毫克,铜 0.87 毫克,锰 2.65 毫克,", 一般人群均可食用。特别适宜【脾胃气虚、大小便不利、维生素缺乏】者。," ,大白菜性偏寒凉,【胃寒腹痛、大便溏泻、寒痢】者不可多食。", 解热除烦 通利肠胃 养胃生津 除烦解渴 利尿通便 清热解毒 
 龙须菜,"蛋白质 25 克,脂肪 2 克,碳水化合物 50 克,膳食纤维 7 克,钙 220 毫克,磷 620 毫克,钾 2.78 毫克,钠 20 毫克,镁 200 毫克,铁 10 毫克,", 一般人都可食用。尤适宜【肺热咳嗽、内热痰结、老年慢性支气管炎、肺炎、支气管扩张、肺痈咳叶黄脓痰、腥臭痰、高血压、肥胖症、佝偻病】等患者；妇女【月经不调、营养不良、术后、外伤愈合】阶段的病人。," 平素【脾胃虚寒,大便溏泄】之人忌食。", 清热除火 通便 
 甜椒,"蛋白质 1 克,热量 22 千卡,碳水化合物 5.4 克,膳食纤维 1.4 克,烟酸 0.9 毫克,胡萝卜素 340 微克,维生素A 57 微克,钙 14 毫克,磷 20 毫克,钠 3.3 毫克,镁 12 毫克,铁 0.8 毫克,"," 一般人群均可食用,老年人与【心血管疾病】患者宜多食。", 【肝火旺盛】者不宜多食。, 预防心血管疾病 促进新陈代谢 抗老化 
 凉薯,"蛋白质 0.9 克,热量 55 千卡,碳水化合物 12.6 克,膳食纤维 0.8 克,维生素C 13 毫克,维生素E 0.86 毫克,钙 21 毫克,磷 24 毫克,钾 111 毫克,钠 5.5 毫克,镁 14 毫克,铁 0.6 毫克,", 【更年期】妇女易多食。, 【气郁、特禀、阳虚、瘀血】体质不宜食。, 清热除火 生津止渴 养阴补虚 
 洋葱,"蛋白质 1.1 克,碳水化合物 9 克,膳食纤维 0.9 克,胡萝卜素 20 微克,维生素A 3 微克,维生素C 8 毫克,钙 24 毫克,磷 39 毫克,钾 147 毫克,钠 4.4 毫克,镁 15 毫克,铁 0.6 毫克,碘 1.2 毫克,硒 0.92 毫克,", 一般人群均可食用。尤适宜【高血压、动脉硬化】等【心血管疾病】患者。, 【皮肤瘙痒】性疾病、【眼疾、胃病】患者慎食。, 杀菌 促消化 降压降脂 补钙 防癌抗癌 延缓衰老 
 绿豆芽,"蛋白质 2.1 克,碳水化合物 2.9 克,膳食纤维 0.8 克,胡萝卜素 20 微克,维生素A 3 微克,维生素C 6 毫克,叶酸 6.1 微克,水 95.3 克,钙 9 毫克,磷 37 毫克,钾 68 毫克,钠 4.4 毫克,镁 18 毫克,铁 0.6 毫克,", 一般人群均可食用。尤适宜【便秘、心血管疾病、消化道癌症】患者。, 【脾胃虚寒】者忌食。, 清热解暑 治疗口腔溃疡 防治便秘 减少胆固醇堆积 
 包菜,"碳水化合物 4.6 克,膳食纤维 1 克,胡萝卜素 70 微克,维生素A 12 微克,维生素C 40 毫克,水 93.2 克,钙 49 毫克,磷 26 毫克,钾 124 毫克,钠 27.2 毫克,镁 12 毫克,铁 0.6 毫克,硒 0.96 毫克,", 一般人群均可食用。尤为适宜患【慢性习惯性便秘、伤风感冒、肺热咳嗽、喉发炎、腹胀、发热】者。, 【寒性体质、肠胃功能不佳、慢性肠胃炎】患者慎食。, 增强抵抗力 解渴利尿 通利肠胃 促进消化 
 西兰花,"蛋白质 4.1 克,脂肪 0.6 克,碳水化合物 4.3 克,膳食纤维 1.6 克,烟酸 0.9 毫克,胡萝卜素 7210 微克,维生素A 1202 微克,维生素C 51 毫克,维生素E 0.91 毫克,叶酸 29.8 微克,钙 67 毫克,磷 72 毫克,钾 17 毫克,钠 18.8 毫克,镁 17 毫克,铁 1 毫克,锌 0.78 毫克,硒 0.7 毫克,"," 一般人群均可食用,【免疫力低下】者宜多食。", 【红斑狼疮】患者忌食。, 防癌抗癌 增强免疫力 促生长 减肥 清热解渴 抗衰老 护心 养心 
 蕨菜,"蛋白质 1.6 克,碳水化合物 9 克,膳食纤维 1.8 克,胡萝卜素 1100 微克,维生素A 183 微克,维生素C 23 毫克,维生素E 0.78 毫克,钙 17 毫克,磷 50 毫克,钾 292 毫克,镁 30 毫克,铁 4.2 毫克,锌 0.6 毫克,"," 一般人群均可食用,尤适宜【湿疹、肠风热毒】者。", 【脾胃虚寒、阳虚体质】者慎食；常人也不宜多食。, 清热解毒 利湿 滑肠 补脾益气 
 木耳菜,"蛋白质 1.6 克,碳水化合物 4.3 克,膳食纤维 1.5 克,烟酸 0.6 毫克,胡萝卜素 2020 微克,维生素A 337 微克,维生素C 34 毫克,维生素E 1.66 毫克,钙 166 毫克,磷 42 毫克,钾 140 毫克,钠 47.2 毫克,镁 62 毫克,铁 3.2 毫克,硒 2.6 毫克,"," 一般人群均可食用。尤适宜【心脑血管疾病、结石症】患者食用,特别适合【缺铁】的人士、矿工、冶金工人、纺织工、理发师食用。", 有【出血性疾病、腹泻者、孕妇】慎食。, 补气血 减肥 防癌 治便秘 清肠胃 
 雪里蕻,"蛋白质 2.4 克,碳水化合物 5.4 克,膳食纤维 2.1 克,烟酸 0.7 毫克,胡萝卜素 50 微克,维生素A 8 微克,维生素C 4 毫克,钙 294 毫克,磷 36 毫克,钾 369 毫克,钠 3304.2 毫克,镁 40 毫克,铁 5.5 毫克,锌 0.74 毫克,硒 0.77 毫克,铜 0.51 毫克,"," 一般人均可食用,老年人宜多食。"," 雪里红含大量粗纤维,不易消化,小儿【消化功能不全】者不宜多食。", 解毒消肿 开胃消食 温中 利气 
 平菇,"蛋白质 1.9 克,碳水化合物 4.6 克,膳食纤维 2.3 克,烟酸 3.1 毫克,胡萝卜素 10 微克,维生素A 2 微克,维生素C 4 毫克,维生素E 0.79 毫克,叶酸 14.7 微克,钙 5 毫克,磷 86 毫克,钾 258 毫克,钠 3.8 毫克,镁 14 毫克,铁 1 毫克,锌 0.61 毫克,硒 1.07 毫克,"," 一般人群均可食用。【体弱、更年期妇女、肝炎、消化系统疾病】人群,【软骨病、心血管疾病、尿道结石症、癌症】患者尤其适宜。", 食用【菌类过敏】者忌食。, 增强免疫力 调理疾病 舒筋活血 延年益寿 促进大脑发育 
 莲藕,"蛋白质 2.9 克,热量 17 千卡,碳水化合物 1.5 克,膳食纤维 1.2 克,胡萝卜素 9550 微克,维生素A 1592 微克,维生素C 52 毫克,维生素E 0.59 毫克,钙 30 毫克,磷 26 毫克,钾 179 毫克,钠 61.2 毫克,镁 9 毫克,铁 1 毫克,锌 0.69 毫克,硒 0.7 毫克,"," 【老幼妇孺、体弱多病】者尤宜,特别适宜【高热病人、吐血者、高血压、肝病、食欲不振、缺铁性贫血、营养不良】者多食用。"," 藕性偏凉,【产妇】不宜过早食用。", 排毒养颜 美容祛斑 
 丝瓜,"蛋白质 1 克,碳水化合物 4.2 克,膳食纤维 0.6 克,胡萝卜素 90 微克,维生素A 15 微克,维生素C 5 毫克,叶酸 22.6 微克,水 94.1 克,钙 14 毫克,磷 29 毫克,钾 115 毫克,钠 2.6 毫克,镁 11 毫克,硒 0.86 毫克,", 一般人群均可食用。尤适宜【月经不调、身体疲乏、痰喘咳嗽、产后乳汁不通】的妇女。, 【孕妇、体虚内寒、腹泻】者慎食。, 润肤美白 健脑 活血通络 解毒消肿 
 红薯,"热量 119 千卡,钙 23 毫克,磷 121 毫克,钾 97 毫克,钠 2.4 毫克,铁 1.1 毫克,锌 1.45 毫克,硒 2.5 毫克,锰 1.36 毫克,"," 一般人均可使用,尤其适合经常被【便秘】困扰的人。"," 【腹泻、糖尿病人】不宜吃红薯,有【胃病】的患者也要少吃。", 防癌抗癌 减肥瘦身 防动脉硬化 
 芋头,"蛋白质 2.2 克,热量 79 千卡,碳水化合物 18.1 克,膳食纤维 1 克,烟酸 0.7 毫克,胡萝卜素 160 微克,维生素A 27 微克,维生素C 6 毫克,叶酸 31.3 微克,钙 36 毫克,磷 55 毫克,钾 378 毫克,钠 33.1 毫克,镁 23 毫克,铁 1 毫克,硒 1.45 毫克,"," 一般人群均可食用,尤其适合【体虚】者。", 对于有痰、敏性体质【荨麻疹、湿疹、哮喘、过敏性鼻炎】者、【小儿食滞、胃纳欠佳、糖尿病】患者应少食；【食滞胃痛、肠胃湿热】者忌食。, 补中益气 益胃宽肠 解毒通便 消肿止痛 
 土豆,"蛋白质 2 克,热量 76 千卡,碳水化合物 17.2 克,膳食纤维 0.7 克,烟酸 1.1 毫克,胡萝卜素 30 微克,维生素A 5 微克,维生素C 27 毫克,叶酸 21 微克,钙 8 毫克,磷 40 毫克,钾 342 毫克,钠 2.7 毫克,镁 23 毫克,铁 0.8 毫克,硒 0.78 毫克,"," 一般人群均可,尤其适合【胃病、心脏病】患者食用。", 处于【妊娠早期】的妇女【胃肠消化功能低下】者不宜食用。, 和胃 活血 消肿等功效 可辅助治疗消化不良 习惯性便秘 神经乏力 
 白菜,"蛋白质 1.5 克,热量 18 千卡,碳水化合物 3.2 克,膳食纤维 0.8 克,烟酸 0.6 毫克,胡萝卜素 120 微克,维生素A 20 微克,维生素C 31 毫克,维生素E 0.76 毫克,钙 50 毫克,磷 31 毫克,钠 57.5 毫克,镁 11 毫克,铁 0.7 毫克,"," 一般人均可食用,尤其适合【感冒发热、肺热咳嗽、便秘、咽喉发炎】者。"," 大白菜性寒,【胃寒腹痛、大便溏泻、寒痢疾】者不可多食。", 通利肠胃 清热解毒 止咳化痰 利尿养胃 促进生长发育 
 南瓜,"蛋白质 0.7 克,热量 22 千卡,碳水化合物 5.3 克,膳食纤维 0.8 克,胡萝卜素 890 微克,维生素A 148 微克,维生素C 8 毫克,钙 16 毫克,磷 24 毫克,钾 145 毫克,钠 0.8 毫克,镁 8 毫克,"," 一般人均可食用,尤其适合【脾虚弱、营养不良、肺痈、支气管哮喘、老年慢性支气管炎、糖尿病、前列腺炎、水火烫伤】等患者食用。"," 南瓜性温,【胃热、温热气滞】的人少吃南瓜,同时有【脚气、黄痘、气滞湿阻】病的人最好也不要食用,另外患有感染性疾病和【发热】症状者不宜食用。", 健脾养胃 护肝补肾 消炎止痛 润肺益气 驱虫解毒 
 白萝卜,"蛋白质 0.9 克,热量 21 千卡,碳水化合物 5 克,膳食纤维 1 克,胡萝卜素 20 微克,维生素A 3 微克,维生素C 21 毫克,维生素E 0.92 毫克,叶酸 6.8 微克,钙 36 毫克,磷 26 毫克,钾 173 毫克,钠 61.8 毫克,镁 16 毫克,硒 0.61 毫克,"," 一般人均可食用,尤其适宜消化不良、食欲不振等人群。", 【脾胃虚寒、寒性体质】的人群不宜常吃；【胃溃疡、十二指肠溃疡、慢性胃炎、单纯甲状腺肿、先兆流产、子宫脱垂】等患者需忌吃。, 有助消化 增强食欲 化痰清热 宽中下气 降血脂 降血压等 
 胡萝卜,"蛋白质 1 克,热量 37 千卡,碳水化合物 8.8 克,膳食纤维 3.2 克,烟酸 0.6 毫克,胡萝卜素 4130 微克,维生素A 688 微克,维生素C 13 毫克,叶酸 4.8 微克,水 90 克,钙 32 毫克,磷 27 毫克,钾 190 毫克,钠 71.4 毫克,镁 14 毫克,铁 1 毫克,硒 0.63 毫克,"," 一般人皆可食用,尤以【癌症、高血压、夜盲症、干眼症、营养不良、皮肤粗糙】者为最。", 【饮酒过量】者不宜食用, 健脾开胃 清热解毒 降气 止咳 降血糖 降血脂 补肝明目 美容护肤 
 西红柿,"蛋白质 0.9 克,热量 19 千卡,碳水化合物 4 克,烟酸 0.6 毫克,胡萝卜素 550 微克,维生素A 92 微克,维生素C 19 毫克,维生素E 0.57 毫克,叶酸 5.6 微克,钙 10 毫克,磷 23 毫克,钾 163 毫克,钠 5 毫克,镁 9 毫克,碘 2.5 毫克,", 一般人群均可食用。尤适宜于【热性病发热、口渴、食欲不振、习惯性牙龈出血、贫血、头晕、心悸、高血压、急慢性肝炎、急慢性肾炎、夜盲症、近视眼】者食用；, 【急性肠炎、菌痢、溃疡活动期】病人不宜食用。, 降血脂 降血压 抗菌消炎 利尿 防癌 抗衰老 治疗牙龈出血 缓解眼疲劳 
